-- phpMyAdmin SQL Dump
-- version 5.2.0
-- https://www.phpmyadmin.net/
--
-- Host: localhost:3306
-- Generation Time: Aug 19, 2024 at 03:09 AM
-- Server version: 8.0.30
-- PHP Version: 8.2.20

SET SQL_MODE = "NO_AUTO_VALUE_ON_ZERO";
START TRANSACTION;
SET time_zone = "+00:00";


/*!40101 SET @OLD_CHARACTER_SET_CLIENT=@@CHARACTER_SET_CLIENT */;
/*!40101 SET @OLD_CHARACTER_SET_RESULTS=@@CHARACTER_SET_RESULTS */;
/*!40101 SET @OLD_COLLATION_CONNECTION=@@COLLATION_CONNECTION */;
/*!40101 SET NAMES utf8mb4 */;

--
-- Database: `u1658729_member_pribadi`
--

-- --------------------------------------------------------

--
-- Table structure for table `migrations`
--

CREATE TABLE `migrations` (
  `id` bigint UNSIGNED NOT NULL,
  `version` varchar(255) NOT NULL,
  `class` varchar(255) NOT NULL,
  `group` varchar(255) NOT NULL,
  `namespace` varchar(255) NOT NULL,
  `time` int NOT NULL,
  `batch` int UNSIGNED NOT NULL
) ENGINE=InnoDB DEFAULT CHARSET=utf8mb3;

--
-- Dumping data for table `migrations`
--

INSERT INTO `migrations` (`id`, `version`, `class`, `group`, `namespace`, `time`, `batch`) VALUES
(13, '2023-07-20-081917', 'App\\Database\\Migrations\\TbProduk', 'default', 'App', 1690513521, 1),
(14, '2023-07-20-084755', 'App\\Database\\Migrations\\TbSlider', 'default', 'App', 1690513521, 1),
(15, '2023-07-20-085024', 'App\\Database\\Migrations\\TbProfil', 'default', 'App', 1690513521, 1),
(16, '2023-07-28-035902', 'App\\Database\\Migrations\\TbAktivitas', 'default', 'App', 1690517128, 2);

-- --------------------------------------------------------

--
-- Table structure for table `tb_aktivitas`
--

CREATE TABLE `tb_aktivitas` (
  `id_aktivitas` int UNSIGNED NOT NULL,
  `nama_aktivitas_in` varchar(200) NOT NULL,
  `nama_aktivitas_en` varchar(200) NOT NULL,
  `foto_aktivitas` varchar(255) NOT NULL,
  `deskripsi_aktivitas_in` text,
  `deskripsi_aktivitas_en` text
) ENGINE=InnoDB DEFAULT CHARSET=utf8mb3;

--
-- Dumping data for table `tb_aktivitas`
--

INSERT INTO `tb_aktivitas` (`id_aktivitas`, `nama_aktivitas_in`, `nama_aktivitas_en`, `foto_aktivitas`, `deskripsi_aktivitas_in`, `deskripsi_aktivitas_en`) VALUES
(2, 'Webinar 7 Inti PRIBADI Sebagai Pilar Solidaritas Keanggotaan', 'Online Seminar 7 Inti PRIBADI Sebagai Pilar Solidaritas Keanggotaan', 'Online Seminar 7 Inti PRIBADI Sebagai Pilar Solidaritas Keanggotaan_Webinar 7 Inti PRIBADI Sebagai Pilar Solidaritas Keanggotaan_20012024095853.jpeg', '<p>Perusahaan kami aktif dalam kegiatan ekspor cengkeh, memastikan kualitas yang unggul, dan mengelola logistik secara efisien guna memenuhi permintaan pasar internasional dengan tepat waktu.&nbsp;</p>', '<p>Our company is active in clove export activities, ensures superior quality, and manages logistics efficiently to meet international market demands in a timely manner.</p>'),
(7, 'Webinar 7 Inti PRIBADI Sebagai Pilar Solidaritas Keanggotaan', 'Online Seminar 7 Inti PRIBADI Sebagai Pilar Solidaritas Keanggotaan', 'Online Seminar 7 Inti PRIBADI Sebagai Pilar Solidaritas Keanggotaan_Webinar 7 Inti PRIBADI Sebagai Pilar Solidaritas Keanggotaan_20012024095853.jpeg', '<p>Perusahaan kami aktif dalam kegiatan ekspor cengkeh, memastikan kualitas yang unggul, dan mengelola logistik secara efisien guna memenuhi permintaan pasar internasional dengan tepat waktu.&nbsp;</p>', '<p>Our company is active in clove export activities, ensures superior quality, and manages logistics efficiently to meet international market demands in a timely manner.</p>');

-- --------------------------------------------------------

--
-- Table structure for table `tb_artikel`
--

CREATE TABLE `tb_artikel` (
  `id_artikel` int UNSIGNED NOT NULL,
  `id_kategori` int NOT NULL,
  `judul_artikel` varchar(100) COLLATE utf8mb4_general_ci NOT NULL,
  `foto_artikel` varchar(255) COLLATE utf8mb4_general_ci NOT NULL,
  `deskripsi_artikel` longtext COLLATE utf8mb4_general_ci NOT NULL,
  `tags` varchar(255) COLLATE utf8mb4_general_ci NOT NULL,
  `views` int NOT NULL,
  `created_at` datetime DEFAULT CURRENT_TIMESTAMP,
  `slug` varchar(100) COLLATE utf8mb4_general_ci DEFAULT NULL
) ENGINE=InnoDB DEFAULT CHARSET=utf8mb4 COLLATE=utf8mb4_general_ci;

--
-- Dumping data for table `tb_artikel`
--

INSERT INTO `tb_artikel` (`id_artikel`, `id_kategori`, `judul_artikel`, `foto_artikel`, `deskripsi_artikel`, `tags`, `views`, `created_at`, `slug`) VALUES
(1, 1, 'Cara Meningkatkan Pengunjung Pada Blog', 'artikel8.jpg', 'Sudah sering posting konten di blog, tapi pengunjung masih sepi juga? Sebetulnya, membuat konten setiap hari adalah cara yang tepat. Akan tetapi, tahukah Anda bahwa ada banyak blogger yang tetap ramai pengunjung meski hanya posting 1 minggu sekali? Yup, hal ini bisa saja terjadi pada blog Anda jika menerapkan cara meningkatkan pengunjung blog yang tepat.\r\n</br>\r\nSebagai seorang blogger, memiliki pengunjung blog yang ramai adalah impian Anda, bukan? Membuat konten setiap hari memang salah satu cara untuk meningkatkan kunjungan blog. Akan tetapi, Anda juga harus melakukan cara lain untuk meningkatkan pengunjung blog secara organik. Nah, bagaimana cara meningkatkan pengunjung blog Anda?\r\n</br>\r\n<h2>Hal yang Membuat Pengunjung Blog Betah</h2>\r\n</br>\r\nNah, sebelum mempelajari dan menerapkan cara untuk meningkatkan pengunjung blog dalam artikel ini, ada hal yang harus Anda pahami lebih sebagai pembaca. Hal tersebut adalah memahami apa yang membuat pembaca betah di blog Anda. Jika Anda tidak memahami hal ini, maka akan sulit untuk menerapkan cara untuk meningkatkan pengunjung pada blog Anda.\r\n</br>\r\nDalam salah satu platform tanya jawab, beberapa pembaca mengatakan bahwa ada beberapa faktor yang membuat mereka betah membaca sebuah blog. Bahkan, ada pembaca yang tetap akan betah “nangkring” di blog tersebut meski memiliki tulisan yang panjang hingga beribu-ribu kata. Apa saja sih hal-hal yang membuat pengunjung blog betah?\r\n</br>\r\nNiche blog yang relevan, seorang pembaca pasti akan betah berlama-lama di blog Anda salah satunya adalah karena konten Anda memenuhi kebutuhan dan minat pembaca. Sebagian besar pengguna internet akan berselancar di mesin pencari untuk mendapatkan informasi tertentu baik itu yang sifatnya edukatif maupun berita.\r\nKalimat yang mudah dimengerti, tidak semua pembaca blog memiliki bidang yang sama dengan Anda. Sebagian pembaca mungkin bekerja atau memahami bidang blog Anda dengan sangat baik. Tetapi, sebagian pembaca lagi mungkin orang awam yang membutuhkan informasi yang tidak akan mengerti bahasa teknis yang Anda gunakan.\r\nEnak untuk dibaca, menulis blog yang panjang adalah hal yang bagus. Dan akan lebih bagus jika Anda mengatur setiap paragraf dengan sangat baik agar mata pembaca nyaman untuk melihat tulisan yang panjang itu. Artikel dengan paragraf yang panjang hingga berbaris-baris akan membuat mata pembaca cepat lelah dan malas untuk membaca. \r\n</br>\r\n<h2>Cara Meningkatkan Pengunjung Blog</h2>\r\n</br>\r\nJika telah memahami apa yang membuat pembaca betah berlama-lama di blog, maka Anda telah siap untuk mempelajari dan menerapkan cara untuk meningkatkan pengunjung. Sebetulnya, ada banyak sekali cara agar Anda dapat meningkatkan traffic blog. Mulai dari mengoptimasi dari segi konten hingga optimasi website.\r\n\r\nAkan tetapi, Anda dapat memulai cara meningkatkan traffic blog dari segi konten terlebih dahulu. Dapat dikatakan, jika ingin memperbanyak jumlah pengunjung dan betah untuk berlama-lama di blog Anda maka Anda harus membuat konten yang baik dan tepat lebih dulu. Nah, berikut ini 9 cara untuk meningkatkan pengunjung pada blog Anda.\r\n</br>\r\n<h4>1.  Artikel Relevan dengan Niche Blog</h4>\r\n</br>\r\nCara pertama yang harus Anda lakukan untuk meningkatkan jumlah pengunjung blog adalah membuat artikel relevan dengan niche. Maksudnya seperti apa? Maksudnya adalah Anda harus membuat artikel sesuai dengan niche blog Anda. Seperti yang telah dijelaskan sebelumnya, pembaca akan betah jika niche blog dan konten relate dengan kebutuhan serta minat mereka.\r\n</br>\r\nTidak masalah jika Anda membuat artikel dengan berbagai tema seperti kesehatan, bisnis, dan olahraga jika niche blog Anda memang seperti itu. Tetapi, pastikan untuk selalu konsisten membuat konten sesuai dengan niche blog Anda. Pembaca akan lebih mempercayai blog Anda yang konsisten membahas tema tertentu sesuai dengan niche blog Anda sebagai sumber informasi.\r\n</br>\r\n<h4>2.  Memperbanyak Pengunjung Blog dengan Konten Evergreen</h4>\r\n</br>\r\nSelain membuat artikel yang relevan dengan niche blog, cara selanjutnya Anda juga dapat membuat konten atau artikel evergreen untuk meningkatkan pengunjung blog. Apa itu konten evergreen? Singkatnya, konten evergreen adalah konten atau artikel yang sifatnya timeless atau tidak terbatas oleh waktu.\r\n</br>\r\nBerbeda dengan konten tren yang membahas mengenai berita atau topik terhangat, konten evergreen akan membahas mengenai hal-hal yang akan selalu dicari oleh pembaca. Umumnya, topik konten evergreen memuat artikel mengenai tips, definisi, tutorial, dan lain-lain. Pembaca akan tetap membaca artikel Anda meskipun tahun telah berganti karena mereka membutuhkannya.\r\n</br>\r\n<h4>3.  Membuat Artikel yang sedang Tren dengan Newsjacking</h4>\r\n</br>\r\nMembuat artikel yang sedang tren memang cara yang dapat meningkatkan traffic blog. Akan tetapi, bayangkan jika semua blog membahas topik yang sedang hangat ini. Sudah pasti blog Anda akan tenggelam di tengah-tengah berbagai blog yang muncul. Untuk mengatasi hal tersebut, ada cara lain untuk meningkatkan pengunjung blog melalui artikel yang sedang tren.\r\n</br>\r\nSee also  Tingkatkan Kopi Pagi Anda Dengan Saran Ini!\r\nAnda dapat menerapkan cara newsjacking pada artikel untuk meningkatkan pengunjung blog. Apa itu newsjacking? Newsjacking adalah membahas topik yang sedang tren dari sisi yang berbeda. Mudahnya, Anda menggabungkan konten tren dan evergreen dalam satu artikel. Selain membahas topik yang sedang tren, Anda juga dapat menambahkan tutorial atau tips yang relevan dengan topik tersebut.\r\n</br>\r\n<h4>4.  Isi Artikel Blog yang Lengkap</h4>\r\n</br>\r\nSelanjutnya, cara untuk meningkatkan pengunjung pada blog yang dapat Anda lakukan adalah membuat artikel dengan isi yang lengkap. Pembaca akan lebih senang membaca artikel dengan informasi atau penjelasan yang lengkap. Bukan hanya itu, hal yang paling penting dari membuat artikel dengan isi yang lengkap adalah disukai oleh Google.\r\n</br>\r\nArtikel yang lengkap dan kaya akan informasi serta penjelasan dapat dianggap oleh Google sebagai artikel yang bagus. Sehingga, artikel Anda nantinya bisa naik ke halaman pertama hasil pencarian. Untuk mewujudkan hal ini, cara yang dapat Anda lakukan adalah dengan melakukan riset serta membuat kerangka artikel lebih dahulu mulai dari pembuka, isi, dan kesimpulan.\r\n</br>\r\n<h4>5.  Cara Meningkatkan Pengunjung Blog dengan Judul Menarik</h4>\r\n</br>\r\nNah, setelah membuat artikel dengan topik yang tepat, cara untuk meningkatkan traffic blog selanjutnya adalah membuat judul yang menarik. Judul merupakan komponen penting dalam sebuah konten karena hal pertama yang terlihat oleh pembaca di Google adalah judul artikel. Oleh sebab itu, tanpa judul yang menarik kecil kemungkinan pembaca akan datang.\r\n</br>\r\nBuatlah judul yang menjawab secara singkat kebutuhan dan keinginan dari pembaca. Misalnya, Anda membahas mengenai makanan yang baik untuk kesehatan kulit. Maka, Anda dapat membuat judul seperti “Jerawat Hilang dalam Semalam Berkat Makanan Ini!”. Tetapi, ada hal yang harus Anda perhatikan yaitu jangan membuat judul yang tidak relevan dengan isi konten.\r\n</br>\r\n<h4>6.  Cara Meningkatkan Pengunjung Blog dengan Promosi</h4>\r\nKesalahan utama para blogger yang sepi pengunjung adalah tidak melakukan promosi. Padahal, salah satu cara meningkatkan pengunjung blog yang ampuh adalah dengan melakukan promosi. Tanpa promosi, orang tidak akan tahu jika Anda membuat sebuah konten di blog Anda. Istilahnya, pembeli tidak akan tahu Anda berjualan apa jika Anda tidak memberi tahu.\r\n</br>\r\nAnda dapat mempromosikan blog di berbagai media, contohnya  adalah media sosial. Hampir seluruh orang di dunia ini menggunakan media sosial seperti Facebook dan Instagram. Tentu saja Anda akan mendapatkan lebih banyak pembaca jika mempromosikannya melalui media sosial. Nah, untuk itu Anda harus memahami cara tepat promosi lewat media sosial.\r\n</br>\r\n<h4>7.  Update Konten Lama</h4>\r\n</br>\r\nAnda tidak harus selalu membuat konten setiap hari untuk meningkatkan traffic blog. Salah satu cara yang dapat Anda lakukan untuk meningkatkan pengunjung blog adalah dengan meng-update konten lama pada blog Anda. Cara ini juga dapat dilakukan jika Anda sedang kehabisan ide untuk konten blog Anda.\r\n</br>\r\nCukup lakukan update atau pembaruan terhadap konten lama Anda dengan menambahkan beberapa informasi untuk melengkapi konten tersebut. Selain itu, Anda juga dapat memperbarui judul konten agar lebih menarik dan terbaca oleh Google. Untuk itu, Anda harus melakukan riset lebih dulu dari berbagai sumber atau blog lain.\r\n</br>\r\n<h4>8.  Menerapkan SEO pada setiap Konten</h4>\r\n</br>\r\nCara kedelapan untuk meningkatkan jumlah pengunjung pada blog adalah menerapkan teknik SEO pada setiap konten yang ada di blog Anda. SEO atau Search Engine Optimization adalah cara paling ampuh untuk memperbanyak jumlah pengunjung dari internet. Secara teknis, SEO adalah upaya untuk menaikkan peringkat website guna meningkatkan traffic website.\r\n</br>\r\nUntuk menerapkan cara ini, Anda harus melakukan riset kata kunci relevan yang sering dicari oleh pembaca untuk digunakan dalam judul dan isi artikel. Dengan menerapkan teknik SEO pada setiap konten Anda, Google atau mesin pencari lainnya akan melihat bahwa konten Anda relevan dengan yang pembaca cari.\r\n</br>\r\n<h4>9.  Cara Meningkatkan Pengunjung Blog melalui Gambar</h4>\r\n</br>\r\nTerakhir, cara yang dapat Anda lakukan untuk meningkatkan pengunjung blog adalah dengan memasukkan gambar dalam setiap konten. Seperti yang kita ketahui, pengguna internet tidak selalu mencari artikel di Google atau mesin pencari lainnya. Banyak juga pengguna internet yang mencari gambar pada mesin pencari.\r\nOleh karena itu, penting bagi Anda untuk memasukkan gambar agar konten Anda tidak hanya muncul di bagian berita atau blog saja, tetapi juga di bagian pencarian gambar. Selain itu, jika ingin mempromosikan konten melalui media sosial maka penting untuk menggunakan gambar yang pengunjungnya lebih menyukai gambar daripada hanya tulisan.', 'web, malang, programer malang', 85048, '2023-08-21 13:01:57', 'cara_meningkatkan_pengunjung_pada_blog'),
(2, 1, 'Cara Meningkatkan Pengunjung Pada Blog 2', 'artikel8.jpg', 'Sudah sering posting konten di blog, tapi pengunjung masih sepi juga? Sebetulnya, membuat konten setiap hari adalah cara yang tepat. Akan tetapi, tahukah Anda bahwa ada banyak blogger yang tetap ramai pengunjung meski hanya posting 1 minggu sekali? Yup, hal ini bisa saja terjadi pada blog Anda jika menerapkan cara meningkatkan pengunjung blog yang tepat.\r\n</br>\r\nSebagai seorang blogger, memiliki pengunjung blog yang ramai adalah impian Anda, bukan? Membuat konten setiap hari memang salah satu cara untuk meningkatkan kunjungan blog. Akan tetapi, Anda juga harus melakukan cara lain untuk meningkatkan pengunjung blog secara organik. Nah, bagaimana cara meningkatkan pengunjung blog Anda?\r\n</br>\r\n<h2>Hal yang Membuat Pengunjung Blog Betah</h2>\r\n</br>\r\nNah, sebelum mempelajari dan menerapkan cara untuk meningkatkan pengunjung blog dalam artikel ini, ada hal yang harus Anda pahami lebih sebagai pembaca. Hal tersebut adalah memahami apa yang membuat pembaca betah di blog Anda. Jika Anda tidak memahami hal ini, maka akan sulit untuk menerapkan cara untuk meningkatkan pengunjung pada blog Anda.\r\n</br>\r\nDalam salah satu platform tanya jawab, beberapa pembaca mengatakan bahwa ada beberapa faktor yang membuat mereka betah membaca sebuah blog. Bahkan, ada pembaca yang tetap akan betah “nangkring” di blog tersebut meski memiliki tulisan yang panjang hingga beribu-ribu kata. Apa saja sih hal-hal yang membuat pengunjung blog betah?\r\n</br>\r\nNiche blog yang relevan, seorang pembaca pasti akan betah berlama-lama di blog Anda salah satunya adalah karena konten Anda memenuhi kebutuhan dan minat pembaca. Sebagian besar pengguna internet akan berselancar di mesin pencari untuk mendapatkan informasi tertentu baik itu yang sifatnya edukatif maupun berita.\r\nKalimat yang mudah dimengerti, tidak semua pembaca blog memiliki bidang yang sama dengan Anda. Sebagian pembaca mungkin bekerja atau memahami bidang blog Anda dengan sangat baik. Tetapi, sebagian pembaca lagi mungkin orang awam yang membutuhkan informasi yang tidak akan mengerti bahasa teknis yang Anda gunakan.\r\nEnak untuk dibaca, menulis blog yang panjang adalah hal yang bagus. Dan akan lebih bagus jika Anda mengatur setiap paragraf dengan sangat baik agar mata pembaca nyaman untuk melihat tulisan yang panjang itu. Artikel dengan paragraf yang panjang hingga berbaris-baris akan membuat mata pembaca cepat lelah dan malas untuk membaca. \r\n</br>\r\n<h2>Cara Meningkatkan Pengunjung Blog</h2>\r\n</br>\r\nJika telah memahami apa yang membuat pembaca betah berlama-lama di blog, maka Anda telah siap untuk mempelajari dan menerapkan cara untuk meningkatkan pengunjung. Sebetulnya, ada banyak sekali cara agar Anda dapat meningkatkan traffic blog. Mulai dari mengoptimasi dari segi konten hingga optimasi website.\r\n\r\nAkan tetapi, Anda dapat memulai cara meningkatkan traffic blog dari segi konten terlebih dahulu. Dapat dikatakan, jika ingin memperbanyak jumlah pengunjung dan betah untuk berlama-lama di blog Anda maka Anda harus membuat konten yang baik dan tepat lebih dulu. Nah, berikut ini 9 cara untuk meningkatkan pengunjung pada blog Anda.\r\n</br>\r\n<h4>1.  Artikel Relevan dengan Niche Blog</h4>\r\n</br>\r\nCara pertama yang harus Anda lakukan untuk meningkatkan jumlah pengunjung blog adalah membuat artikel relevan dengan niche. Maksudnya seperti apa? Maksudnya adalah Anda harus membuat artikel sesuai dengan niche blog Anda. Seperti yang telah dijelaskan sebelumnya, pembaca akan betah jika niche blog dan konten relate dengan kebutuhan serta minat mereka.\r\n</br>\r\nTidak masalah jika Anda membuat artikel dengan berbagai tema seperti kesehatan, bisnis, dan olahraga jika niche blog Anda memang seperti itu. Tetapi, pastikan untuk selalu konsisten membuat konten sesuai dengan niche blog Anda. Pembaca akan lebih mempercayai blog Anda yang konsisten membahas tema tertentu sesuai dengan niche blog Anda sebagai sumber informasi.\r\n</br>\r\n<h4>2.  Memperbanyak Pengunjung Blog dengan Konten Evergreen</h4>\r\n</br>\r\nSelain membuat artikel yang relevan dengan niche blog, cara selanjutnya Anda juga dapat membuat konten atau artikel evergreen untuk meningkatkan pengunjung blog. Apa itu konten evergreen? Singkatnya, konten evergreen adalah konten atau artikel yang sifatnya timeless atau tidak terbatas oleh waktu.\r\n</br>\r\nBerbeda dengan konten tren yang membahas mengenai berita atau topik terhangat, konten evergreen akan membahas mengenai hal-hal yang akan selalu dicari oleh pembaca. Umumnya, topik konten evergreen memuat artikel mengenai tips, definisi, tutorial, dan lain-lain. Pembaca akan tetap membaca artikel Anda meskipun tahun telah berganti karena mereka membutuhkannya.\r\n</br>\r\n<h4>3.  Membuat Artikel yang sedang Tren dengan Newsjacking</h4>\r\n</br>\r\nMembuat artikel yang sedang tren memang cara yang dapat meningkatkan traffic blog. Akan tetapi, bayangkan jika semua blog membahas topik yang sedang hangat ini. Sudah pasti blog Anda akan tenggelam di tengah-tengah berbagai blog yang muncul. Untuk mengatasi hal tersebut, ada cara lain untuk meningkatkan pengunjung blog melalui artikel yang sedang tren.\r\n</br>\r\nSee also  Tingkatkan Kopi Pagi Anda Dengan Saran Ini!\r\nAnda dapat menerapkan cara newsjacking pada artikel untuk meningkatkan pengunjung blog. Apa itu newsjacking? Newsjacking adalah membahas topik yang sedang tren dari sisi yang berbeda. Mudahnya, Anda menggabungkan konten tren dan evergreen dalam satu artikel. Selain membahas topik yang sedang tren, Anda juga dapat menambahkan tutorial atau tips yang relevan dengan topik tersebut.\r\n</br>\r\n<h4>4.  Isi Artikel Blog yang Lengkap</h4>\r\n</br>\r\nSelanjutnya, cara untuk meningkatkan pengunjung pada blog yang dapat Anda lakukan adalah membuat artikel dengan isi yang lengkap. Pembaca akan lebih senang membaca artikel dengan informasi atau penjelasan yang lengkap. Bukan hanya itu, hal yang paling penting dari membuat artikel dengan isi yang lengkap adalah disukai oleh Google.\r\n</br>\r\nArtikel yang lengkap dan kaya akan informasi serta penjelasan dapat dianggap oleh Google sebagai artikel yang bagus. Sehingga, artikel Anda nantinya bisa naik ke halaman pertama hasil pencarian. Untuk mewujudkan hal ini, cara yang dapat Anda lakukan adalah dengan melakukan riset serta membuat kerangka artikel lebih dahulu mulai dari pembuka, isi, dan kesimpulan.\r\n</br>\r\n<h4>5.  Cara Meningkatkan Pengunjung Blog dengan Judul Menarik</h4>\r\n</br>\r\nNah, setelah membuat artikel dengan topik yang tepat, cara untuk meningkatkan traffic blog selanjutnya adalah membuat judul yang menarik. Judul merupakan komponen penting dalam sebuah konten karena hal pertama yang terlihat oleh pembaca di Google adalah judul artikel. Oleh sebab itu, tanpa judul yang menarik kecil kemungkinan pembaca akan datang.\r\n</br>\r\nBuatlah judul yang menjawab secara singkat kebutuhan dan keinginan dari pembaca. Misalnya, Anda membahas mengenai makanan yang baik untuk kesehatan kulit. Maka, Anda dapat membuat judul seperti “Jerawat Hilang dalam Semalam Berkat Makanan Ini!”. Tetapi, ada hal yang harus Anda perhatikan yaitu jangan membuat judul yang tidak relevan dengan isi konten.\r\n</br>\r\n<h4>6.  Cara Meningkatkan Pengunjung Blog dengan Promosi</h4>\r\nKesalahan utama para blogger yang sepi pengunjung adalah tidak melakukan promosi. Padahal, salah satu cara meningkatkan pengunjung blog yang ampuh adalah dengan melakukan promosi. Tanpa promosi, orang tidak akan tahu jika Anda membuat sebuah konten di blog Anda. Istilahnya, pembeli tidak akan tahu Anda berjualan apa jika Anda tidak memberi tahu.\r\n</br>\r\nAnda dapat mempromosikan blog di berbagai media, contohnya  adalah media sosial. Hampir seluruh orang di dunia ini menggunakan media sosial seperti Facebook dan Instagram. Tentu saja Anda akan mendapatkan lebih banyak pembaca jika mempromosikannya melalui media sosial. Nah, untuk itu Anda harus memahami cara tepat promosi lewat media sosial.\r\n</br>\r\n<h4>7.  Update Konten Lama</h4>\r\n</br>\r\nAnda tidak harus selalu membuat konten setiap hari untuk meningkatkan traffic blog. Salah satu cara yang dapat Anda lakukan untuk meningkatkan pengunjung blog adalah dengan meng-update konten lama pada blog Anda. Cara ini juga dapat dilakukan jika Anda sedang kehabisan ide untuk konten blog Anda.\r\n</br>\r\nCukup lakukan update atau pembaruan terhadap konten lama Anda dengan menambahkan beberapa informasi untuk melengkapi konten tersebut. Selain itu, Anda juga dapat memperbarui judul konten agar lebih menarik dan terbaca oleh Google. Untuk itu, Anda harus melakukan riset lebih dulu dari berbagai sumber atau blog lain.\r\n</br>\r\n<h4>8.  Menerapkan SEO pada setiap Konten</h4>\r\n</br>\r\nCara kedelapan untuk meningkatkan jumlah pengunjung pada blog adalah menerapkan teknik SEO pada setiap konten yang ada di blog Anda. SEO atau Search Engine Optimization adalah cara paling ampuh untuk memperbanyak jumlah pengunjung dari internet. Secara teknis, SEO adalah upaya untuk menaikkan peringkat website guna meningkatkan traffic website.\r\n</br>\r\nUntuk menerapkan cara ini, Anda harus melakukan riset kata kunci relevan yang sering dicari oleh pembaca untuk digunakan dalam judul dan isi artikel. Dengan menerapkan teknik SEO pada setiap konten Anda, Google atau mesin pencari lainnya akan melihat bahwa konten Anda relevan dengan yang pembaca cari.\r\n</br>\r\n<h4>9.  Cara Meningkatkan Pengunjung Blog melalui Gambar</h4>\r\n</br>\r\nTerakhir, cara yang dapat Anda lakukan untuk meningkatkan pengunjung blog adalah dengan memasukkan gambar dalam setiap konten. Seperti yang kita ketahui, pengguna internet tidak selalu mencari artikel di Google atau mesin pencari lainnya. Banyak juga pengguna internet yang mencari gambar pada mesin pencari.\r\nOleh karena itu, penting bagi Anda untuk memasukkan gambar agar konten Anda tidak hanya muncul di bagian berita atau blog saja, tetapi juga di bagian pencarian gambar. Selain itu, jika ingin mempromosikan konten melalui media sosial maka penting untuk menggunakan gambar yang pengunjungnya lebih menyukai gambar daripada hanya tulisan.', 'web, malang, programer malang', 75050, '2023-08-21 13:01:57', 'cara_meningkatkan_pengunjung_pada_blog_2'),
(3, 1, 'Cara Meningkatkan Pengunjung Pada Blog 3', 'artikel8.jpg', 'Sudah sering posting konten di blog, tapi pengunjung masih sepi juga? Sebetulnya, membuat konten setiap hari adalah cara yang tepat. Akan tetapi, tahukah Anda bahwa ada banyak blogger yang tetap ramai pengunjung meski hanya posting 1 minggu sekali? Yup, hal ini bisa saja terjadi pada blog Anda jika menerapkan cara meningkatkan pengunjung blog yang tepat.\r\n</br>\r\nSebagai seorang blogger, memiliki pengunjung blog yang ramai adalah impian Anda, bukan? Membuat konten setiap hari memang salah satu cara untuk meningkatkan kunjungan blog. Akan tetapi, Anda juga harus melakukan cara lain untuk meningkatkan pengunjung blog secara organik. Nah, bagaimana cara meningkatkan pengunjung blog Anda?\r\n</br>\r\n<h2>Hal yang Membuat Pengunjung Blog Betah</h2>\r\n</br>\r\nNah, sebelum mempelajari dan menerapkan cara untuk meningkatkan pengunjung blog dalam artikel ini, ada hal yang harus Anda pahami lebih sebagai pembaca. Hal tersebut adalah memahami apa yang membuat pembaca betah di blog Anda. Jika Anda tidak memahami hal ini, maka akan sulit untuk menerapkan cara untuk meningkatkan pengunjung pada blog Anda.\r\n</br>\r\nDalam salah satu platform tanya jawab, beberapa pembaca mengatakan bahwa ada beberapa faktor yang membuat mereka betah membaca sebuah blog. Bahkan, ada pembaca yang tetap akan betah “nangkring” di blog tersebut meski memiliki tulisan yang panjang hingga beribu-ribu kata. Apa saja sih hal-hal yang membuat pengunjung blog betah?\r\n</br>\r\nNiche blog yang relevan, seorang pembaca pasti akan betah berlama-lama di blog Anda salah satunya adalah karena konten Anda memenuhi kebutuhan dan minat pembaca. Sebagian besar pengguna internet akan berselancar di mesin pencari untuk mendapatkan informasi tertentu baik itu yang sifatnya edukatif maupun berita.\r\nKalimat yang mudah dimengerti, tidak semua pembaca blog memiliki bidang yang sama dengan Anda. Sebagian pembaca mungkin bekerja atau memahami bidang blog Anda dengan sangat baik. Tetapi, sebagian pembaca lagi mungkin orang awam yang membutuhkan informasi yang tidak akan mengerti bahasa teknis yang Anda gunakan.\r\nEnak untuk dibaca, menulis blog yang panjang adalah hal yang bagus. Dan akan lebih bagus jika Anda mengatur setiap paragraf dengan sangat baik agar mata pembaca nyaman untuk melihat tulisan yang panjang itu. Artikel dengan paragraf yang panjang hingga berbaris-baris akan membuat mata pembaca cepat lelah dan malas untuk membaca. \r\n</br>\r\n<h2>Cara Meningkatkan Pengunjung Blog</h2>\r\n</br>\r\nJika telah memahami apa yang membuat pembaca betah berlama-lama di blog, maka Anda telah siap untuk mempelajari dan menerapkan cara untuk meningkatkan pengunjung. Sebetulnya, ada banyak sekali cara agar Anda dapat meningkatkan traffic blog. Mulai dari mengoptimasi dari segi konten hingga optimasi website.\r\n\r\nAkan tetapi, Anda dapat memulai cara meningkatkan traffic blog dari segi konten terlebih dahulu. Dapat dikatakan, jika ingin memperbanyak jumlah pengunjung dan betah untuk berlama-lama di blog Anda maka Anda harus membuat konten yang baik dan tepat lebih dulu. Nah, berikut ini 9 cara untuk meningkatkan pengunjung pada blog Anda.\r\n</br>\r\n<h4>1.  Artikel Relevan dengan Niche Blog</h4>\r\n</br>\r\nCara pertama yang harus Anda lakukan untuk meningkatkan jumlah pengunjung blog adalah membuat artikel relevan dengan niche. Maksudnya seperti apa? Maksudnya adalah Anda harus membuat artikel sesuai dengan niche blog Anda. Seperti yang telah dijelaskan sebelumnya, pembaca akan betah jika niche blog dan konten relate dengan kebutuhan serta minat mereka.\r\n</br>\r\nTidak masalah jika Anda membuat artikel dengan berbagai tema seperti kesehatan, bisnis, dan olahraga jika niche blog Anda memang seperti itu. Tetapi, pastikan untuk selalu konsisten membuat konten sesuai dengan niche blog Anda. Pembaca akan lebih mempercayai blog Anda yang konsisten membahas tema tertentu sesuai dengan niche blog Anda sebagai sumber informasi.\r\n</br>\r\n<h4>2.  Memperbanyak Pengunjung Blog dengan Konten Evergreen</h4>\r\n</br>\r\nSelain membuat artikel yang relevan dengan niche blog, cara selanjutnya Anda juga dapat membuat konten atau artikel evergreen untuk meningkatkan pengunjung blog. Apa itu konten evergreen? Singkatnya, konten evergreen adalah konten atau artikel yang sifatnya timeless atau tidak terbatas oleh waktu.\r\n</br>\r\nBerbeda dengan konten tren yang membahas mengenai berita atau topik terhangat, konten evergreen akan membahas mengenai hal-hal yang akan selalu dicari oleh pembaca. Umumnya, topik konten evergreen memuat artikel mengenai tips, definisi, tutorial, dan lain-lain. Pembaca akan tetap membaca artikel Anda meskipun tahun telah berganti karena mereka membutuhkannya.\r\n</br>\r\n<h4>3.  Membuat Artikel yang sedang Tren dengan Newsjacking</h4>\r\n</br>\r\nMembuat artikel yang sedang tren memang cara yang dapat meningkatkan traffic blog. Akan tetapi, bayangkan jika semua blog membahas topik yang sedang hangat ini. Sudah pasti blog Anda akan tenggelam di tengah-tengah berbagai blog yang muncul. Untuk mengatasi hal tersebut, ada cara lain untuk meningkatkan pengunjung blog melalui artikel yang sedang tren.\r\n</br>\r\nSee also  Tingkatkan Kopi Pagi Anda Dengan Saran Ini!\r\nAnda dapat menerapkan cara newsjacking pada artikel untuk meningkatkan pengunjung blog. Apa itu newsjacking? Newsjacking adalah membahas topik yang sedang tren dari sisi yang berbeda. Mudahnya, Anda menggabungkan konten tren dan evergreen dalam satu artikel. Selain membahas topik yang sedang tren, Anda juga dapat menambahkan tutorial atau tips yang relevan dengan topik tersebut.\r\n</br>\r\n<h4>4.  Isi Artikel Blog yang Lengkap</h4>\r\n</br>\r\nSelanjutnya, cara untuk meningkatkan pengunjung pada blog yang dapat Anda lakukan adalah membuat artikel dengan isi yang lengkap. Pembaca akan lebih senang membaca artikel dengan informasi atau penjelasan yang lengkap. Bukan hanya itu, hal yang paling penting dari membuat artikel dengan isi yang lengkap adalah disukai oleh Google.\r\n</br>\r\nArtikel yang lengkap dan kaya akan informasi serta penjelasan dapat dianggap oleh Google sebagai artikel yang bagus. Sehingga, artikel Anda nantinya bisa naik ke halaman pertama hasil pencarian. Untuk mewujudkan hal ini, cara yang dapat Anda lakukan adalah dengan melakukan riset serta membuat kerangka artikel lebih dahulu mulai dari pembuka, isi, dan kesimpulan.\r\n</br>\r\n<h4>5.  Cara Meningkatkan Pengunjung Blog dengan Judul Menarik</h4>\r\n</br>\r\nNah, setelah membuat artikel dengan topik yang tepat, cara untuk meningkatkan traffic blog selanjutnya adalah membuat judul yang menarik. Judul merupakan komponen penting dalam sebuah konten karena hal pertama yang terlihat oleh pembaca di Google adalah judul artikel. Oleh sebab itu, tanpa judul yang menarik kecil kemungkinan pembaca akan datang.\r\n</br>\r\nBuatlah judul yang menjawab secara singkat kebutuhan dan keinginan dari pembaca. Misalnya, Anda membahas mengenai makanan yang baik untuk kesehatan kulit. Maka, Anda dapat membuat judul seperti “Jerawat Hilang dalam Semalam Berkat Makanan Ini!”. Tetapi, ada hal yang harus Anda perhatikan yaitu jangan membuat judul yang tidak relevan dengan isi konten.\r\n</br>\r\n<h4>6.  Cara Meningkatkan Pengunjung Blog dengan Promosi</h4>\r\nKesalahan utama para blogger yang sepi pengunjung adalah tidak melakukan promosi. Padahal, salah satu cara meningkatkan pengunjung blog yang ampuh adalah dengan melakukan promosi. Tanpa promosi, orang tidak akan tahu jika Anda membuat sebuah konten di blog Anda. Istilahnya, pembeli tidak akan tahu Anda berjualan apa jika Anda tidak memberi tahu.\r\n</br>\r\nAnda dapat mempromosikan blog di berbagai media, contohnya  adalah media sosial. Hampir seluruh orang di dunia ini menggunakan media sosial seperti Facebook dan Instagram. Tentu saja Anda akan mendapatkan lebih banyak pembaca jika mempromosikannya melalui media sosial. Nah, untuk itu Anda harus memahami cara tepat promosi lewat media sosial.\r\n</br>\r\n<h4>7.  Update Konten Lama</h4>\r\n</br>\r\nAnda tidak harus selalu membuat konten setiap hari untuk meningkatkan traffic blog. Salah satu cara yang dapat Anda lakukan untuk meningkatkan pengunjung blog adalah dengan meng-update konten lama pada blog Anda. Cara ini juga dapat dilakukan jika Anda sedang kehabisan ide untuk konten blog Anda.\r\n</br>\r\nCukup lakukan update atau pembaruan terhadap konten lama Anda dengan menambahkan beberapa informasi untuk melengkapi konten tersebut. Selain itu, Anda juga dapat memperbarui judul konten agar lebih menarik dan terbaca oleh Google. Untuk itu, Anda harus melakukan riset lebih dulu dari berbagai sumber atau blog lain.\r\n</br>\r\n<h4>8.  Menerapkan SEO pada setiap Konten</h4>\r\n</br>\r\nCara kedelapan untuk meningkatkan jumlah pengunjung pada blog adalah menerapkan teknik SEO pada setiap konten yang ada di blog Anda. SEO atau Search Engine Optimization adalah cara paling ampuh untuk memperbanyak jumlah pengunjung dari internet. Secara teknis, SEO adalah upaya untuk menaikkan peringkat website guna meningkatkan traffic website.\r\n</br>\r\nUntuk menerapkan cara ini, Anda harus melakukan riset kata kunci relevan yang sering dicari oleh pembaca untuk digunakan dalam judul dan isi artikel. Dengan menerapkan teknik SEO pada setiap konten Anda, Google atau mesin pencari lainnya akan melihat bahwa konten Anda relevan dengan yang pembaca cari.\r\n</br>\r\n<h4>9.  Cara Meningkatkan Pengunjung Blog melalui Gambar</h4>\r\n</br>\r\nTerakhir, cara yang dapat Anda lakukan untuk meningkatkan pengunjung blog adalah dengan memasukkan gambar dalam setiap konten. Seperti yang kita ketahui, pengguna internet tidak selalu mencari artikel di Google atau mesin pencari lainnya. Banyak juga pengguna internet yang mencari gambar pada mesin pencari.\r\nOleh karena itu, penting bagi Anda untuk memasukkan gambar agar konten Anda tidak hanya muncul di bagian berita atau blog saja, tetapi juga di bagian pencarian gambar. Selain itu, jika ingin mempromosikan konten melalui media sosial maka penting untuk menggunakan gambar yang pengunjungnya lebih menyukai gambar daripada hanya tulisan.', 'web, malang, programer malang', 55049, '2023-08-21 13:01:57', 'cara_meningkatkan_pengunjung_pada_blog_3'),
(4, 1, 'Cara Meningkatkan Pengunjung Pada Blog 4', 'artikel8.jpg', 'Sudah sering posting konten di blog, tapi pengunjung masih sepi juga? Sebetulnya, membuat konten setiap hari adalah cara yang tepat. Akan tetapi, tahukah Anda bahwa ada banyak blogger yang tetap ramai pengunjung meski hanya posting 1 minggu sekali? Yup, hal ini bisa saja terjadi pada blog Anda jika menerapkan cara meningkatkan pengunjung blog yang tepat.\r\n</br>\r\nSebagai seorang blogger, memiliki pengunjung blog yang ramai adalah impian Anda, bukan? Membuat konten setiap hari memang salah satu cara untuk meningkatkan kunjungan blog. Akan tetapi, Anda juga harus melakukan cara lain untuk meningkatkan pengunjung blog secara organik. Nah, bagaimana cara meningkatkan pengunjung blog Anda?\r\n</br>\r\n<h2>Hal yang Membuat Pengunjung Blog Betah</h2>\r\n</br>\r\nNah, sebelum mempelajari dan menerapkan cara untuk meningkatkan pengunjung blog dalam artikel ini, ada hal yang harus Anda pahami lebih sebagai pembaca. Hal tersebut adalah memahami apa yang membuat pembaca betah di blog Anda. Jika Anda tidak memahami hal ini, maka akan sulit untuk menerapkan cara untuk meningkatkan pengunjung pada blog Anda.\r\n</br>\r\nDalam salah satu platform tanya jawab, beberapa pembaca mengatakan bahwa ada beberapa faktor yang membuat mereka betah membaca sebuah blog. Bahkan, ada pembaca yang tetap akan betah “nangkring” di blog tersebut meski memiliki tulisan yang panjang hingga beribu-ribu kata. Apa saja sih hal-hal yang membuat pengunjung blog betah?\r\n</br>\r\nNiche blog yang relevan, seorang pembaca pasti akan betah berlama-lama di blog Anda salah satunya adalah karena konten Anda memenuhi kebutuhan dan minat pembaca. Sebagian besar pengguna internet akan berselancar di mesin pencari untuk mendapatkan informasi tertentu baik itu yang sifatnya edukatif maupun berita.\r\nKalimat yang mudah dimengerti, tidak semua pembaca blog memiliki bidang yang sama dengan Anda. Sebagian pembaca mungkin bekerja atau memahami bidang blog Anda dengan sangat baik. Tetapi, sebagian pembaca lagi mungkin orang awam yang membutuhkan informasi yang tidak akan mengerti bahasa teknis yang Anda gunakan.\r\nEnak untuk dibaca, menulis blog yang panjang adalah hal yang bagus. Dan akan lebih bagus jika Anda mengatur setiap paragraf dengan sangat baik agar mata pembaca nyaman untuk melihat tulisan yang panjang itu. Artikel dengan paragraf yang panjang hingga berbaris-baris akan membuat mata pembaca cepat lelah dan malas untuk membaca. \r\n</br>\r\n<h2>Cara Meningkatkan Pengunjung Blog</h2>\r\n</br>\r\nJika telah memahami apa yang membuat pembaca betah berlama-lama di blog, maka Anda telah siap untuk mempelajari dan menerapkan cara untuk meningkatkan pengunjung. Sebetulnya, ada banyak sekali cara agar Anda dapat meningkatkan traffic blog. Mulai dari mengoptimasi dari segi konten hingga optimasi website.\r\n\r\nAkan tetapi, Anda dapat memulai cara meningkatkan traffic blog dari segi konten terlebih dahulu. Dapat dikatakan, jika ingin memperbanyak jumlah pengunjung dan betah untuk berlama-lama di blog Anda maka Anda harus membuat konten yang baik dan tepat lebih dulu. Nah, berikut ini 9 cara untuk meningkatkan pengunjung pada blog Anda.\r\n</br>\r\n<h4>1.  Artikel Relevan dengan Niche Blog</h4>\r\n</br>\r\nCara pertama yang harus Anda lakukan untuk meningkatkan jumlah pengunjung blog adalah membuat artikel relevan dengan niche. Maksudnya seperti apa? Maksudnya adalah Anda harus membuat artikel sesuai dengan niche blog Anda. Seperti yang telah dijelaskan sebelumnya, pembaca akan betah jika niche blog dan konten relate dengan kebutuhan serta minat mereka.\r\n</br>\r\nTidak masalah jika Anda membuat artikel dengan berbagai tema seperti kesehatan, bisnis, dan olahraga jika niche blog Anda memang seperti itu. Tetapi, pastikan untuk selalu konsisten membuat konten sesuai dengan niche blog Anda. Pembaca akan lebih mempercayai blog Anda yang konsisten membahas tema tertentu sesuai dengan niche blog Anda sebagai sumber informasi.\r\n</br>\r\n<h4>2.  Memperbanyak Pengunjung Blog dengan Konten Evergreen</h4>\r\n</br>\r\nSelain membuat artikel yang relevan dengan niche blog, cara selanjutnya Anda juga dapat membuat konten atau artikel evergreen untuk meningkatkan pengunjung blog. Apa itu konten evergreen? Singkatnya, konten evergreen adalah konten atau artikel yang sifatnya timeless atau tidak terbatas oleh waktu.\r\n</br>\r\nBerbeda dengan konten tren yang membahas mengenai berita atau topik terhangat, konten evergreen akan membahas mengenai hal-hal yang akan selalu dicari oleh pembaca. Umumnya, topik konten evergreen memuat artikel mengenai tips, definisi, tutorial, dan lain-lain. Pembaca akan tetap membaca artikel Anda meskipun tahun telah berganti karena mereka membutuhkannya.\r\n</br>\r\n<h4>3.  Membuat Artikel yang sedang Tren dengan Newsjacking</h4>\r\n</br>\r\nMembuat artikel yang sedang tren memang cara yang dapat meningkatkan traffic blog. Akan tetapi, bayangkan jika semua blog membahas topik yang sedang hangat ini. Sudah pasti blog Anda akan tenggelam di tengah-tengah berbagai blog yang muncul. Untuk mengatasi hal tersebut, ada cara lain untuk meningkatkan pengunjung blog melalui artikel yang sedang tren.\r\n</br>\r\nSee also  Tingkatkan Kopi Pagi Anda Dengan Saran Ini!\r\nAnda dapat menerapkan cara newsjacking pada artikel untuk meningkatkan pengunjung blog. Apa itu newsjacking? Newsjacking adalah membahas topik yang sedang tren dari sisi yang berbeda. Mudahnya, Anda menggabungkan konten tren dan evergreen dalam satu artikel. Selain membahas topik yang sedang tren, Anda juga dapat menambahkan tutorial atau tips yang relevan dengan topik tersebut.\r\n</br>\r\n<h4>4.  Isi Artikel Blog yang Lengkap</h4>\r\n</br>\r\nSelanjutnya, cara untuk meningkatkan pengunjung pada blog yang dapat Anda lakukan adalah membuat artikel dengan isi yang lengkap. Pembaca akan lebih senang membaca artikel dengan informasi atau penjelasan yang lengkap. Bukan hanya itu, hal yang paling penting dari membuat artikel dengan isi yang lengkap adalah disukai oleh Google.\r\n</br>\r\nArtikel yang lengkap dan kaya akan informasi serta penjelasan dapat dianggap oleh Google sebagai artikel yang bagus. Sehingga, artikel Anda nantinya bisa naik ke halaman pertama hasil pencarian. Untuk mewujudkan hal ini, cara yang dapat Anda lakukan adalah dengan melakukan riset serta membuat kerangka artikel lebih dahulu mulai dari pembuka, isi, dan kesimpulan.\r\n</br>\r\n<h4>5.  Cara Meningkatkan Pengunjung Blog dengan Judul Menarik</h4>\r\n</br>\r\nNah, setelah membuat artikel dengan topik yang tepat, cara untuk meningkatkan traffic blog selanjutnya adalah membuat judul yang menarik. Judul merupakan komponen penting dalam sebuah konten karena hal pertama yang terlihat oleh pembaca di Google adalah judul artikel. Oleh sebab itu, tanpa judul yang menarik kecil kemungkinan pembaca akan datang.\r\n</br>\r\nBuatlah judul yang menjawab secara singkat kebutuhan dan keinginan dari pembaca. Misalnya, Anda membahas mengenai makanan yang baik untuk kesehatan kulit. Maka, Anda dapat membuat judul seperti “Jerawat Hilang dalam Semalam Berkat Makanan Ini!”. Tetapi, ada hal yang harus Anda perhatikan yaitu jangan membuat judul yang tidak relevan dengan isi konten.\r\n</br>\r\n<h4>6.  Cara Meningkatkan Pengunjung Blog dengan Promosi</h4>\r\nKesalahan utama para blogger yang sepi pengunjung adalah tidak melakukan promosi. Padahal, salah satu cara meningkatkan pengunjung blog yang ampuh adalah dengan melakukan promosi. Tanpa promosi, orang tidak akan tahu jika Anda membuat sebuah konten di blog Anda. Istilahnya, pembeli tidak akan tahu Anda berjualan apa jika Anda tidak memberi tahu.\r\n</br>\r\nAnda dapat mempromosikan blog di berbagai media, contohnya  adalah media sosial. Hampir seluruh orang di dunia ini menggunakan media sosial seperti Facebook dan Instagram. Tentu saja Anda akan mendapatkan lebih banyak pembaca jika mempromosikannya melalui media sosial. Nah, untuk itu Anda harus memahami cara tepat promosi lewat media sosial.\r\n</br>\r\n<h4>7.  Update Konten Lama</h4>\r\n</br>\r\nAnda tidak harus selalu membuat konten setiap hari untuk meningkatkan traffic blog. Salah satu cara yang dapat Anda lakukan untuk meningkatkan pengunjung blog adalah dengan meng-update konten lama pada blog Anda. Cara ini juga dapat dilakukan jika Anda sedang kehabisan ide untuk konten blog Anda.\r\n</br>\r\nCukup lakukan update atau pembaruan terhadap konten lama Anda dengan menambahkan beberapa informasi untuk melengkapi konten tersebut. Selain itu, Anda juga dapat memperbarui judul konten agar lebih menarik dan terbaca oleh Google. Untuk itu, Anda harus melakukan riset lebih dulu dari berbagai sumber atau blog lain.\r\n</br>\r\n<h4>8.  Menerapkan SEO pada setiap Konten</h4>\r\n</br>\r\nCara kedelapan untuk meningkatkan jumlah pengunjung pada blog adalah menerapkan teknik SEO pada setiap konten yang ada di blog Anda. SEO atau Search Engine Optimization adalah cara paling ampuh untuk memperbanyak jumlah pengunjung dari internet. Secara teknis, SEO adalah upaya untuk menaikkan peringkat website guna meningkatkan traffic website.\r\n</br>\r\nUntuk menerapkan cara ini, Anda harus melakukan riset kata kunci relevan yang sering dicari oleh pembaca untuk digunakan dalam judul dan isi artikel. Dengan menerapkan teknik SEO pada setiap konten Anda, Google atau mesin pencari lainnya akan melihat bahwa konten Anda relevan dengan yang pembaca cari.\r\n</br>\r\n<h4>9.  Cara Meningkatkan Pengunjung Blog melalui Gambar</h4>\r\n</br>\r\nTerakhir, cara yang dapat Anda lakukan untuk meningkatkan pengunjung blog adalah dengan memasukkan gambar dalam setiap konten. Seperti yang kita ketahui, pengguna internet tidak selalu mencari artikel di Google atau mesin pencari lainnya. Banyak juga pengguna internet yang mencari gambar pada mesin pencari.\r\nOleh karena itu, penting bagi Anda untuk memasukkan gambar agar konten Anda tidak hanya muncul di bagian berita atau blog saja, tetapi juga di bagian pencarian gambar. Selain itu, jika ingin mempromosikan konten melalui media sosial maka penting untuk menggunakan gambar yang pengunjungnya lebih menyukai gambar daripada hanya tulisan.', 'web, malang, programer malang', 15047, '2023-08-21 13:01:57', 'cara_meningkatkan_pengunjung_pada_blog_4');
INSERT INTO `tb_artikel` (`id_artikel`, `id_kategori`, `judul_artikel`, `foto_artikel`, `deskripsi_artikel`, `tags`, `views`, `created_at`, `slug`) VALUES
(5, 1, 'Cara Meningkatkan Pengunjung Pada Blog 5', 'artikel8.jpg', 'Sudah sering posting konten di blog, tapi pengunjung masih sepi juga? Sebetulnya, membuat konten setiap hari adalah cara yang tepat. Akan tetapi, tahukah Anda bahwa ada banyak blogger yang tetap ramai pengunjung meski hanya posting 1 minggu sekali? Yup, hal ini bisa saja terjadi pada blog Anda jika menerapkan cara meningkatkan pengunjung blog yang tepat.\r\n</br>\r\nSebagai seorang blogger, memiliki pengunjung blog yang ramai adalah impian Anda, bukan? Membuat konten setiap hari memang salah satu cara untuk meningkatkan kunjungan blog. Akan tetapi, Anda juga harus melakukan cara lain untuk meningkatkan pengunjung blog secara organik. Nah, bagaimana cara meningkatkan pengunjung blog Anda?\r\n</br>\r\n<h2>Hal yang Membuat Pengunjung Blog Betah</h2>\r\n</br>\r\nNah, sebelum mempelajari dan menerapkan cara untuk meningkatkan pengunjung blog dalam artikel ini, ada hal yang harus Anda pahami lebih sebagai pembaca. Hal tersebut adalah memahami apa yang membuat pembaca betah di blog Anda. Jika Anda tidak memahami hal ini, maka akan sulit untuk menerapkan cara untuk meningkatkan pengunjung pada blog Anda.\r\n</br>\r\nDalam salah satu platform tanya jawab, beberapa pembaca mengatakan bahwa ada beberapa faktor yang membuat mereka betah membaca sebuah blog. Bahkan, ada pembaca yang tetap akan betah “nangkring” di blog tersebut meski memiliki tulisan yang panjang hingga beribu-ribu kata. Apa saja sih hal-hal yang membuat pengunjung blog betah?\r\n</br>\r\nNiche blog yang relevan, seorang pembaca pasti akan betah berlama-lama di blog Anda salah satunya adalah karena konten Anda memenuhi kebutuhan dan minat pembaca. Sebagian besar pengguna internet akan berselancar di mesin pencari untuk mendapatkan informasi tertentu baik itu yang sifatnya edukatif maupun berita.\r\nKalimat yang mudah dimengerti, tidak semua pembaca blog memiliki bidang yang sama dengan Anda. Sebagian pembaca mungkin bekerja atau memahami bidang blog Anda dengan sangat baik. Tetapi, sebagian pembaca lagi mungkin orang awam yang membutuhkan informasi yang tidak akan mengerti bahasa teknis yang Anda gunakan.\r\nEnak untuk dibaca, menulis blog yang panjang adalah hal yang bagus. Dan akan lebih bagus jika Anda mengatur setiap paragraf dengan sangat baik agar mata pembaca nyaman untuk melihat tulisan yang panjang itu. Artikel dengan paragraf yang panjang hingga berbaris-baris akan membuat mata pembaca cepat lelah dan malas untuk membaca. \r\n</br>\r\n<h2>Cara Meningkatkan Pengunjung Blog</h2>\r\n</br>\r\nJika telah memahami apa yang membuat pembaca betah berlama-lama di blog, maka Anda telah siap untuk mempelajari dan menerapkan cara untuk meningkatkan pengunjung. Sebetulnya, ada banyak sekali cara agar Anda dapat meningkatkan traffic blog. Mulai dari mengoptimasi dari segi konten hingga optimasi website.\r\n\r\nAkan tetapi, Anda dapat memulai cara meningkatkan traffic blog dari segi konten terlebih dahulu. Dapat dikatakan, jika ingin memperbanyak jumlah pengunjung dan betah untuk berlama-lama di blog Anda maka Anda harus membuat konten yang baik dan tepat lebih dulu. Nah, berikut ini 9 cara untuk meningkatkan pengunjung pada blog Anda.\r\n</br>\r\n<h4>1.  Artikel Relevan dengan Niche Blog</h4>\r\n</br>\r\nCara pertama yang harus Anda lakukan untuk meningkatkan jumlah pengunjung blog adalah membuat artikel relevan dengan niche. Maksudnya seperti apa? Maksudnya adalah Anda harus membuat artikel sesuai dengan niche blog Anda. Seperti yang telah dijelaskan sebelumnya, pembaca akan betah jika niche blog dan konten relate dengan kebutuhan serta minat mereka.\r\n</br>\r\nTidak masalah jika Anda membuat artikel dengan berbagai tema seperti kesehatan, bisnis, dan olahraga jika niche blog Anda memang seperti itu. Tetapi, pastikan untuk selalu konsisten membuat konten sesuai dengan niche blog Anda. Pembaca akan lebih mempercayai blog Anda yang konsisten membahas tema tertentu sesuai dengan niche blog Anda sebagai sumber informasi.\r\n</br>\r\n<h4>2.  Memperbanyak Pengunjung Blog dengan Konten Evergreen</h4>\r\n</br>\r\nSelain membuat artikel yang relevan dengan niche blog, cara selanjutnya Anda juga dapat membuat konten atau artikel evergreen untuk meningkatkan pengunjung blog. Apa itu konten evergreen? Singkatnya, konten evergreen adalah konten atau artikel yang sifatnya timeless atau tidak terbatas oleh waktu.\r\n</br>\r\nBerbeda dengan konten tren yang membahas mengenai berita atau topik terhangat, konten evergreen akan membahas mengenai hal-hal yang akan selalu dicari oleh pembaca. Umumnya, topik konten evergreen memuat artikel mengenai tips, definisi, tutorial, dan lain-lain. Pembaca akan tetap membaca artikel Anda meskipun tahun telah berganti karena mereka membutuhkannya.\r\n</br>\r\n<h4>3.  Membuat Artikel yang sedang Tren dengan Newsjacking</h4>\r\n</br>\r\nMembuat artikel yang sedang tren memang cara yang dapat meningkatkan traffic blog. Akan tetapi, bayangkan jika semua blog membahas topik yang sedang hangat ini. Sudah pasti blog Anda akan tenggelam di tengah-tengah berbagai blog yang muncul. Untuk mengatasi hal tersebut, ada cara lain untuk meningkatkan pengunjung blog melalui artikel yang sedang tren.\r\n</br>\r\nSee also  Tingkatkan Kopi Pagi Anda Dengan Saran Ini!\r\nAnda dapat menerapkan cara newsjacking pada artikel untuk meningkatkan pengunjung blog. Apa itu newsjacking? Newsjacking adalah membahas topik yang sedang tren dari sisi yang berbeda. Mudahnya, Anda menggabungkan konten tren dan evergreen dalam satu artikel. Selain membahas topik yang sedang tren, Anda juga dapat menambahkan tutorial atau tips yang relevan dengan topik tersebut.\r\n</br>\r\n<h4>4.  Isi Artikel Blog yang Lengkap</h4>\r\n</br>\r\nSelanjutnya, cara untuk meningkatkan pengunjung pada blog yang dapat Anda lakukan adalah membuat artikel dengan isi yang lengkap. Pembaca akan lebih senang membaca artikel dengan informasi atau penjelasan yang lengkap. Bukan hanya itu, hal yang paling penting dari membuat artikel dengan isi yang lengkap adalah disukai oleh Google.\r\n</br>\r\nArtikel yang lengkap dan kaya akan informasi serta penjelasan dapat dianggap oleh Google sebagai artikel yang bagus. Sehingga, artikel Anda nantinya bisa naik ke halaman pertama hasil pencarian. Untuk mewujudkan hal ini, cara yang dapat Anda lakukan adalah dengan melakukan riset serta membuat kerangka artikel lebih dahulu mulai dari pembuka, isi, dan kesimpulan.\r\n</br>\r\n<h4>5.  Cara Meningkatkan Pengunjung Blog dengan Judul Menarik</h4>\r\n</br>\r\nNah, setelah membuat artikel dengan topik yang tepat, cara untuk meningkatkan traffic blog selanjutnya adalah membuat judul yang menarik. Judul merupakan komponen penting dalam sebuah konten karena hal pertama yang terlihat oleh pembaca di Google adalah judul artikel. Oleh sebab itu, tanpa judul yang menarik kecil kemungkinan pembaca akan datang.\r\n</br>\r\nBuatlah judul yang menjawab secara singkat kebutuhan dan keinginan dari pembaca. Misalnya, Anda membahas mengenai makanan yang baik untuk kesehatan kulit. Maka, Anda dapat membuat judul seperti “Jerawat Hilang dalam Semalam Berkat Makanan Ini!”. Tetapi, ada hal yang harus Anda perhatikan yaitu jangan membuat judul yang tidak relevan dengan isi konten.\r\n</br>\r\n<h4>6.  Cara Meningkatkan Pengunjung Blog dengan Promosi</h4>\r\nKesalahan utama para blogger yang sepi pengunjung adalah tidak melakukan promosi. Padahal, salah satu cara meningkatkan pengunjung blog yang ampuh adalah dengan melakukan promosi. Tanpa promosi, orang tidak akan tahu jika Anda membuat sebuah konten di blog Anda. Istilahnya, pembeli tidak akan tahu Anda berjualan apa jika Anda tidak memberi tahu.\r\n</br>\r\nAnda dapat mempromosikan blog di berbagai media, contohnya  adalah media sosial. Hampir seluruh orang di dunia ini menggunakan media sosial seperti Facebook dan Instagram. Tentu saja Anda akan mendapatkan lebih banyak pembaca jika mempromosikannya melalui media sosial. Nah, untuk itu Anda harus memahami cara tepat promosi lewat media sosial.\r\n</br>\r\n<h4>7.  Update Konten Lama</h4>\r\n</br>\r\nAnda tidak harus selalu membuat konten setiap hari untuk meningkatkan traffic blog. Salah satu cara yang dapat Anda lakukan untuk meningkatkan pengunjung blog adalah dengan meng-update konten lama pada blog Anda. Cara ini juga dapat dilakukan jika Anda sedang kehabisan ide untuk konten blog Anda.\r\n</br>\r\nCukup lakukan update atau pembaruan terhadap konten lama Anda dengan menambahkan beberapa informasi untuk melengkapi konten tersebut. Selain itu, Anda juga dapat memperbarui judul konten agar lebih menarik dan terbaca oleh Google. Untuk itu, Anda harus melakukan riset lebih dulu dari berbagai sumber atau blog lain.\r\n</br>\r\n<h4>8.  Menerapkan SEO pada setiap Konten</h4>\r\n</br>\r\nCara kedelapan untuk meningkatkan jumlah pengunjung pada blog adalah menerapkan teknik SEO pada setiap konten yang ada di blog Anda. SEO atau Search Engine Optimization adalah cara paling ampuh untuk memperbanyak jumlah pengunjung dari internet. Secara teknis, SEO adalah upaya untuk menaikkan peringkat website guna meningkatkan traffic website.\r\n</br>\r\nUntuk menerapkan cara ini, Anda harus melakukan riset kata kunci relevan yang sering dicari oleh pembaca untuk digunakan dalam judul dan isi artikel. Dengan menerapkan teknik SEO pada setiap konten Anda, Google atau mesin pencari lainnya akan melihat bahwa konten Anda relevan dengan yang pembaca cari.\r\n</br>\r\n<h4>9.  Cara Meningkatkan Pengunjung Blog melalui Gambar</h4>\r\n</br>\r\nTerakhir, cara yang dapat Anda lakukan untuk meningkatkan pengunjung blog adalah dengan memasukkan gambar dalam setiap konten. Seperti yang kita ketahui, pengguna internet tidak selalu mencari artikel di Google atau mesin pencari lainnya. Banyak juga pengguna internet yang mencari gambar pada mesin pencari.\r\nOleh karena itu, penting bagi Anda untuk memasukkan gambar agar konten Anda tidak hanya muncul di bagian berita atau blog saja, tetapi juga di bagian pencarian gambar. Selain itu, jika ingin mempromosikan konten melalui media sosial maka penting untuk menggunakan gambar yang pengunjungnya lebih menyukai gambar daripada hanya tulisan.', 'web, malang, programer malang', 5047, '2023-08-21 13:01:57', 'cara_meningkatkan_pengunjung_pada_blog_5'),
(6, 1, 'Cara Meningkatkan Pengunjung Pada Blog 6', 'artikel8.jpg', 'Sudah sering posting konten di blog, tapi pengunjung masih sepi juga? Sebetulnya, membuat konten setiap hari adalah cara yang tepat. Akan tetapi, tahukah Anda bahwa ada banyak blogger yang tetap ramai pengunjung meski hanya posting 1 minggu sekali? Yup, hal ini bisa saja terjadi pada blog Anda jika menerapkan cara meningkatkan pengunjung blog yang tepat.\r\n</br>\r\nSebagai seorang blogger, memiliki pengunjung blog yang ramai adalah impian Anda, bukan? Membuat konten setiap hari memang salah satu cara untuk meningkatkan kunjungan blog. Akan tetapi, Anda juga harus melakukan cara lain untuk meningkatkan pengunjung blog secara organik. Nah, bagaimana cara meningkatkan pengunjung blog Anda?\r\n</br>\r\n<h2>Hal yang Membuat Pengunjung Blog Betah</h2>\r\n</br>\r\nNah, sebelum mempelajari dan menerapkan cara untuk meningkatkan pengunjung blog dalam artikel ini, ada hal yang harus Anda pahami lebih sebagai pembaca. Hal tersebut adalah memahami apa yang membuat pembaca betah di blog Anda. Jika Anda tidak memahami hal ini, maka akan sulit untuk menerapkan cara untuk meningkatkan pengunjung pada blog Anda.\r\n</br>\r\nDalam salah satu platform tanya jawab, beberapa pembaca mengatakan bahwa ada beberapa faktor yang membuat mereka betah membaca sebuah blog. Bahkan, ada pembaca yang tetap akan betah “nangkring” di blog tersebut meski memiliki tulisan yang panjang hingga beribu-ribu kata. Apa saja sih hal-hal yang membuat pengunjung blog betah?\r\n</br>\r\nNiche blog yang relevan, seorang pembaca pasti akan betah berlama-lama di blog Anda salah satunya adalah karena konten Anda memenuhi kebutuhan dan minat pembaca. Sebagian besar pengguna internet akan berselancar di mesin pencari untuk mendapatkan informasi tertentu baik itu yang sifatnya edukatif maupun berita.\r\nKalimat yang mudah dimengerti, tidak semua pembaca blog memiliki bidang yang sama dengan Anda. Sebagian pembaca mungkin bekerja atau memahami bidang blog Anda dengan sangat baik. Tetapi, sebagian pembaca lagi mungkin orang awam yang membutuhkan informasi yang tidak akan mengerti bahasa teknis yang Anda gunakan.\r\nEnak untuk dibaca, menulis blog yang panjang adalah hal yang bagus. Dan akan lebih bagus jika Anda mengatur setiap paragraf dengan sangat baik agar mata pembaca nyaman untuk melihat tulisan yang panjang itu. Artikel dengan paragraf yang panjang hingga berbaris-baris akan membuat mata pembaca cepat lelah dan malas untuk membaca. \r\n</br>\r\n<h2>Cara Meningkatkan Pengunjung Blog</h2>\r\n</br>\r\nJika telah memahami apa yang membuat pembaca betah berlama-lama di blog, maka Anda telah siap untuk mempelajari dan menerapkan cara untuk meningkatkan pengunjung. Sebetulnya, ada banyak sekali cara agar Anda dapat meningkatkan traffic blog. Mulai dari mengoptimasi dari segi konten hingga optimasi website.\r\n\r\nAkan tetapi, Anda dapat memulai cara meningkatkan traffic blog dari segi konten terlebih dahulu. Dapat dikatakan, jika ingin memperbanyak jumlah pengunjung dan betah untuk berlama-lama di blog Anda maka Anda harus membuat konten yang baik dan tepat lebih dulu. Nah, berikut ini 9 cara untuk meningkatkan pengunjung pada blog Anda.\r\n</br>\r\n<h4>1.  Artikel Relevan dengan Niche Blog</h4>\r\n</br>\r\nCara pertama yang harus Anda lakukan untuk meningkatkan jumlah pengunjung blog adalah membuat artikel relevan dengan niche. Maksudnya seperti apa? Maksudnya adalah Anda harus membuat artikel sesuai dengan niche blog Anda. Seperti yang telah dijelaskan sebelumnya, pembaca akan betah jika niche blog dan konten relate dengan kebutuhan serta minat mereka.\r\n</br>\r\nTidak masalah jika Anda membuat artikel dengan berbagai tema seperti kesehatan, bisnis, dan olahraga jika niche blog Anda memang seperti itu. Tetapi, pastikan untuk selalu konsisten membuat konten sesuai dengan niche blog Anda. Pembaca akan lebih mempercayai blog Anda yang konsisten membahas tema tertentu sesuai dengan niche blog Anda sebagai sumber informasi.\r\n</br>\r\n<h4>2.  Memperbanyak Pengunjung Blog dengan Konten Evergreen</h4>\r\n</br>\r\nSelain membuat artikel yang relevan dengan niche blog, cara selanjutnya Anda juga dapat membuat konten atau artikel evergreen untuk meningkatkan pengunjung blog. Apa itu konten evergreen? Singkatnya, konten evergreen adalah konten atau artikel yang sifatnya timeless atau tidak terbatas oleh waktu.\r\n</br>\r\nBerbeda dengan konten tren yang membahas mengenai berita atau topik terhangat, konten evergreen akan membahas mengenai hal-hal yang akan selalu dicari oleh pembaca. Umumnya, topik konten evergreen memuat artikel mengenai tips, definisi, tutorial, dan lain-lain. Pembaca akan tetap membaca artikel Anda meskipun tahun telah berganti karena mereka membutuhkannya.\r\n</br>\r\n<h4>3.  Membuat Artikel yang sedang Tren dengan Newsjacking</h4>\r\n</br>\r\nMembuat artikel yang sedang tren memang cara yang dapat meningkatkan traffic blog. Akan tetapi, bayangkan jika semua blog membahas topik yang sedang hangat ini. Sudah pasti blog Anda akan tenggelam di tengah-tengah berbagai blog yang muncul. Untuk mengatasi hal tersebut, ada cara lain untuk meningkatkan pengunjung blog melalui artikel yang sedang tren.\r\n</br>\r\nSee also  Tingkatkan Kopi Pagi Anda Dengan Saran Ini!\r\nAnda dapat menerapkan cara newsjacking pada artikel untuk meningkatkan pengunjung blog. Apa itu newsjacking? Newsjacking adalah membahas topik yang sedang tren dari sisi yang berbeda. Mudahnya, Anda menggabungkan konten tren dan evergreen dalam satu artikel. Selain membahas topik yang sedang tren, Anda juga dapat menambahkan tutorial atau tips yang relevan dengan topik tersebut.\r\n</br>\r\n<h4>4.  Isi Artikel Blog yang Lengkap</h4>\r\n</br>\r\nSelanjutnya, cara untuk meningkatkan pengunjung pada blog yang dapat Anda lakukan adalah membuat artikel dengan isi yang lengkap. Pembaca akan lebih senang membaca artikel dengan informasi atau penjelasan yang lengkap. Bukan hanya itu, hal yang paling penting dari membuat artikel dengan isi yang lengkap adalah disukai oleh Google.\r\n</br>\r\nArtikel yang lengkap dan kaya akan informasi serta penjelasan dapat dianggap oleh Google sebagai artikel yang bagus. Sehingga, artikel Anda nantinya bisa naik ke halaman pertama hasil pencarian. Untuk mewujudkan hal ini, cara yang dapat Anda lakukan adalah dengan melakukan riset serta membuat kerangka artikel lebih dahulu mulai dari pembuka, isi, dan kesimpulan.\r\n</br>\r\n<h4>5.  Cara Meningkatkan Pengunjung Blog dengan Judul Menarik</h4>\r\n</br>\r\nNah, setelah membuat artikel dengan topik yang tepat, cara untuk meningkatkan traffic blog selanjutnya adalah membuat judul yang menarik. Judul merupakan komponen penting dalam sebuah konten karena hal pertama yang terlihat oleh pembaca di Google adalah judul artikel. Oleh sebab itu, tanpa judul yang menarik kecil kemungkinan pembaca akan datang.\r\n</br>\r\nBuatlah judul yang menjawab secara singkat kebutuhan dan keinginan dari pembaca. Misalnya, Anda membahas mengenai makanan yang baik untuk kesehatan kulit. Maka, Anda dapat membuat judul seperti “Jerawat Hilang dalam Semalam Berkat Makanan Ini!”. Tetapi, ada hal yang harus Anda perhatikan yaitu jangan membuat judul yang tidak relevan dengan isi konten.\r\n</br>\r\n<h4>6.  Cara Meningkatkan Pengunjung Blog dengan Promosi</h4>\r\nKesalahan utama para blogger yang sepi pengunjung adalah tidak melakukan promosi. Padahal, salah satu cara meningkatkan pengunjung blog yang ampuh adalah dengan melakukan promosi. Tanpa promosi, orang tidak akan tahu jika Anda membuat sebuah konten di blog Anda. Istilahnya, pembeli tidak akan tahu Anda berjualan apa jika Anda tidak memberi tahu.\r\n</br>\r\nAnda dapat mempromosikan blog di berbagai media, contohnya  adalah media sosial. Hampir seluruh orang di dunia ini menggunakan media sosial seperti Facebook dan Instagram. Tentu saja Anda akan mendapatkan lebih banyak pembaca jika mempromosikannya melalui media sosial. Nah, untuk itu Anda harus memahami cara tepat promosi lewat media sosial.\r\n</br>\r\n<h4>7.  Update Konten Lama</h4>\r\n</br>\r\nAnda tidak harus selalu membuat konten setiap hari untuk meningkatkan traffic blog. Salah satu cara yang dapat Anda lakukan untuk meningkatkan pengunjung blog adalah dengan meng-update konten lama pada blog Anda. Cara ini juga dapat dilakukan jika Anda sedang kehabisan ide untuk konten blog Anda.\r\n</br>\r\nCukup lakukan update atau pembaruan terhadap konten lama Anda dengan menambahkan beberapa informasi untuk melengkapi konten tersebut. Selain itu, Anda juga dapat memperbarui judul konten agar lebih menarik dan terbaca oleh Google. Untuk itu, Anda harus melakukan riset lebih dulu dari berbagai sumber atau blog lain.\r\n</br>\r\n<h4>8.  Menerapkan SEO pada setiap Konten</h4>\r\n</br>\r\nCara kedelapan untuk meningkatkan jumlah pengunjung pada blog adalah menerapkan teknik SEO pada setiap konten yang ada di blog Anda. SEO atau Search Engine Optimization adalah cara paling ampuh untuk memperbanyak jumlah pengunjung dari internet. Secara teknis, SEO adalah upaya untuk menaikkan peringkat website guna meningkatkan traffic website.\r\n</br>\r\nUntuk menerapkan cara ini, Anda harus melakukan riset kata kunci relevan yang sering dicari oleh pembaca untuk digunakan dalam judul dan isi artikel. Dengan menerapkan teknik SEO pada setiap konten Anda, Google atau mesin pencari lainnya akan melihat bahwa konten Anda relevan dengan yang pembaca cari.\r\n</br>\r\n<h4>9.  Cara Meningkatkan Pengunjung Blog melalui Gambar</h4>\r\n</br>\r\nTerakhir, cara yang dapat Anda lakukan untuk meningkatkan pengunjung blog adalah dengan memasukkan gambar dalam setiap konten. Seperti yang kita ketahui, pengguna internet tidak selalu mencari artikel di Google atau mesin pencari lainnya. Banyak juga pengguna internet yang mencari gambar pada mesin pencari.\r\nOleh karena itu, penting bagi Anda untuk memasukkan gambar agar konten Anda tidak hanya muncul di bagian berita atau blog saja, tetapi juga di bagian pencarian gambar. Selain itu, jika ingin mempromosikan konten melalui media sosial maka penting untuk menggunakan gambar yang pengunjungnya lebih menyukai gambar daripada hanya tulisan.', 'web, malang, programer malang', 7510, '2023-08-21 13:01:57', 'cara_meningkatkan_pengunjung_pada_blog_6'),
(7, 1, 'Cara Meningkatkan Pengunjung Pada Blog 7', 'artikel8.jpg', 'Sudah sering posting konten di blog, tapi pengunjung masih sepi juga? Sebetulnya, membuat konten setiap hari adalah cara yang tepat. Akan tetapi, tahukah Anda bahwa ada banyak blogger yang tetap ramai pengunjung meski hanya posting 1 minggu sekali? Yup, hal ini bisa saja terjadi pada blog Anda jika menerapkan cara meningkatkan pengunjung blog yang tepat.\r\n</br>\r\nSebagai seorang blogger, memiliki pengunjung blog yang ramai adalah impian Anda, bukan? Membuat konten setiap hari memang salah satu cara untuk meningkatkan kunjungan blog. Akan tetapi, Anda juga harus melakukan cara lain untuk meningkatkan pengunjung blog secara organik. Nah, bagaimana cara meningkatkan pengunjung blog Anda?\r\n</br>\r\n<h2>Hal yang Membuat Pengunjung Blog Betah</h2>\r\n</br>\r\nNah, sebelum mempelajari dan menerapkan cara untuk meningkatkan pengunjung blog dalam artikel ini, ada hal yang harus Anda pahami lebih sebagai pembaca. Hal tersebut adalah memahami apa yang membuat pembaca betah di blog Anda. Jika Anda tidak memahami hal ini, maka akan sulit untuk menerapkan cara untuk meningkatkan pengunjung pada blog Anda.\r\n</br>\r\nDalam salah satu platform tanya jawab, beberapa pembaca mengatakan bahwa ada beberapa faktor yang membuat mereka betah membaca sebuah blog. Bahkan, ada pembaca yang tetap akan betah “nangkring” di blog tersebut meski memiliki tulisan yang panjang hingga beribu-ribu kata. Apa saja sih hal-hal yang membuat pengunjung blog betah?\r\n</br>\r\nNiche blog yang relevan, seorang pembaca pasti akan betah berlama-lama di blog Anda salah satunya adalah karena konten Anda memenuhi kebutuhan dan minat pembaca. Sebagian besar pengguna internet akan berselancar di mesin pencari untuk mendapatkan informasi tertentu baik itu yang sifatnya edukatif maupun berita.\r\nKalimat yang mudah dimengerti, tidak semua pembaca blog memiliki bidang yang sama dengan Anda. Sebagian pembaca mungkin bekerja atau memahami bidang blog Anda dengan sangat baik. Tetapi, sebagian pembaca lagi mungkin orang awam yang membutuhkan informasi yang tidak akan mengerti bahasa teknis yang Anda gunakan.\r\nEnak untuk dibaca, menulis blog yang panjang adalah hal yang bagus. Dan akan lebih bagus jika Anda mengatur setiap paragraf dengan sangat baik agar mata pembaca nyaman untuk melihat tulisan yang panjang itu. Artikel dengan paragraf yang panjang hingga berbaris-baris akan membuat mata pembaca cepat lelah dan malas untuk membaca. \r\n</br>\r\n<h2>Cara Meningkatkan Pengunjung Blog</h2>\r\n</br>\r\nJika telah memahami apa yang membuat pembaca betah berlama-lama di blog, maka Anda telah siap untuk mempelajari dan menerapkan cara untuk meningkatkan pengunjung. Sebetulnya, ada banyak sekali cara agar Anda dapat meningkatkan traffic blog. Mulai dari mengoptimasi dari segi konten hingga optimasi website.\r\n\r\nAkan tetapi, Anda dapat memulai cara meningkatkan traffic blog dari segi konten terlebih dahulu. Dapat dikatakan, jika ingin memperbanyak jumlah pengunjung dan betah untuk berlama-lama di blog Anda maka Anda harus membuat konten yang baik dan tepat lebih dulu. Nah, berikut ini 9 cara untuk meningkatkan pengunjung pada blog Anda.\r\n</br>\r\n<h4>1.  Artikel Relevan dengan Niche Blog</h4>\r\n</br>\r\nCara pertama yang harus Anda lakukan untuk meningkatkan jumlah pengunjung blog adalah membuat artikel relevan dengan niche. Maksudnya seperti apa? Maksudnya adalah Anda harus membuat artikel sesuai dengan niche blog Anda. Seperti yang telah dijelaskan sebelumnya, pembaca akan betah jika niche blog dan konten relate dengan kebutuhan serta minat mereka.\r\n</br>\r\nTidak masalah jika Anda membuat artikel dengan berbagai tema seperti kesehatan, bisnis, dan olahraga jika niche blog Anda memang seperti itu. Tetapi, pastikan untuk selalu konsisten membuat konten sesuai dengan niche blog Anda. Pembaca akan lebih mempercayai blog Anda yang konsisten membahas tema tertentu sesuai dengan niche blog Anda sebagai sumber informasi.\r\n</br>\r\n<h4>2.  Memperbanyak Pengunjung Blog dengan Konten Evergreen</h4>\r\n</br>\r\nSelain membuat artikel yang relevan dengan niche blog, cara selanjutnya Anda juga dapat membuat konten atau artikel evergreen untuk meningkatkan pengunjung blog. Apa itu konten evergreen? Singkatnya, konten evergreen adalah konten atau artikel yang sifatnya timeless atau tidak terbatas oleh waktu.\r\n</br>\r\nBerbeda dengan konten tren yang membahas mengenai berita atau topik terhangat, konten evergreen akan membahas mengenai hal-hal yang akan selalu dicari oleh pembaca. Umumnya, topik konten evergreen memuat artikel mengenai tips, definisi, tutorial, dan lain-lain. Pembaca akan tetap membaca artikel Anda meskipun tahun telah berganti karena mereka membutuhkannya.\r\n</br>\r\n<h4>3.  Membuat Artikel yang sedang Tren dengan Newsjacking</h4>\r\n</br>\r\nMembuat artikel yang sedang tren memang cara yang dapat meningkatkan traffic blog. Akan tetapi, bayangkan jika semua blog membahas topik yang sedang hangat ini. Sudah pasti blog Anda akan tenggelam di tengah-tengah berbagai blog yang muncul. Untuk mengatasi hal tersebut, ada cara lain untuk meningkatkan pengunjung blog melalui artikel yang sedang tren.\r\n</br>\r\nSee also  Tingkatkan Kopi Pagi Anda Dengan Saran Ini!\r\nAnda dapat menerapkan cara newsjacking pada artikel untuk meningkatkan pengunjung blog. Apa itu newsjacking? Newsjacking adalah membahas topik yang sedang tren dari sisi yang berbeda. Mudahnya, Anda menggabungkan konten tren dan evergreen dalam satu artikel. Selain membahas topik yang sedang tren, Anda juga dapat menambahkan tutorial atau tips yang relevan dengan topik tersebut.\r\n</br>\r\n<h4>4.  Isi Artikel Blog yang Lengkap</h4>\r\n</br>\r\nSelanjutnya, cara untuk meningkatkan pengunjung pada blog yang dapat Anda lakukan adalah membuat artikel dengan isi yang lengkap. Pembaca akan lebih senang membaca artikel dengan informasi atau penjelasan yang lengkap. Bukan hanya itu, hal yang paling penting dari membuat artikel dengan isi yang lengkap adalah disukai oleh Google.\r\n</br>\r\nArtikel yang lengkap dan kaya akan informasi serta penjelasan dapat dianggap oleh Google sebagai artikel yang bagus. Sehingga, artikel Anda nantinya bisa naik ke halaman pertama hasil pencarian. Untuk mewujudkan hal ini, cara yang dapat Anda lakukan adalah dengan melakukan riset serta membuat kerangka artikel lebih dahulu mulai dari pembuka, isi, dan kesimpulan.\r\n</br>\r\n<h4>5.  Cara Meningkatkan Pengunjung Blog dengan Judul Menarik</h4>\r\n</br>\r\nNah, setelah membuat artikel dengan topik yang tepat, cara untuk meningkatkan traffic blog selanjutnya adalah membuat judul yang menarik. Judul merupakan komponen penting dalam sebuah konten karena hal pertama yang terlihat oleh pembaca di Google adalah judul artikel. Oleh sebab itu, tanpa judul yang menarik kecil kemungkinan pembaca akan datang.\r\n</br>\r\nBuatlah judul yang menjawab secara singkat kebutuhan dan keinginan dari pembaca. Misalnya, Anda membahas mengenai makanan yang baik untuk kesehatan kulit. Maka, Anda dapat membuat judul seperti “Jerawat Hilang dalam Semalam Berkat Makanan Ini!”. Tetapi, ada hal yang harus Anda perhatikan yaitu jangan membuat judul yang tidak relevan dengan isi konten.\r\n</br>\r\n<h4>6.  Cara Meningkatkan Pengunjung Blog dengan Promosi</h4>\r\nKesalahan utama para blogger yang sepi pengunjung adalah tidak melakukan promosi. Padahal, salah satu cara meningkatkan pengunjung blog yang ampuh adalah dengan melakukan promosi. Tanpa promosi, orang tidak akan tahu jika Anda membuat sebuah konten di blog Anda. Istilahnya, pembeli tidak akan tahu Anda berjualan apa jika Anda tidak memberi tahu.\r\n</br>\r\nAnda dapat mempromosikan blog di berbagai media, contohnya  adalah media sosial. Hampir seluruh orang di dunia ini menggunakan media sosial seperti Facebook dan Instagram. Tentu saja Anda akan mendapatkan lebih banyak pembaca jika mempromosikannya melalui media sosial. Nah, untuk itu Anda harus memahami cara tepat promosi lewat media sosial.\r\n</br>\r\n<h4>7.  Update Konten Lama</h4>\r\n</br>\r\nAnda tidak harus selalu membuat konten setiap hari untuk meningkatkan traffic blog. Salah satu cara yang dapat Anda lakukan untuk meningkatkan pengunjung blog adalah dengan meng-update konten lama pada blog Anda. Cara ini juga dapat dilakukan jika Anda sedang kehabisan ide untuk konten blog Anda.\r\n</br>\r\nCukup lakukan update atau pembaruan terhadap konten lama Anda dengan menambahkan beberapa informasi untuk melengkapi konten tersebut. Selain itu, Anda juga dapat memperbarui judul konten agar lebih menarik dan terbaca oleh Google. Untuk itu, Anda harus melakukan riset lebih dulu dari berbagai sumber atau blog lain.\r\n</br>\r\n<h4>8.  Menerapkan SEO pada setiap Konten</h4>\r\n</br>\r\nCara kedelapan untuk meningkatkan jumlah pengunjung pada blog adalah menerapkan teknik SEO pada setiap konten yang ada di blog Anda. SEO atau Search Engine Optimization adalah cara paling ampuh untuk memperbanyak jumlah pengunjung dari internet. Secara teknis, SEO adalah upaya untuk menaikkan peringkat website guna meningkatkan traffic website.\r\n</br>\r\nUntuk menerapkan cara ini, Anda harus melakukan riset kata kunci relevan yang sering dicari oleh pembaca untuk digunakan dalam judul dan isi artikel. Dengan menerapkan teknik SEO pada setiap konten Anda, Google atau mesin pencari lainnya akan melihat bahwa konten Anda relevan dengan yang pembaca cari.\r\n</br>\r\n<h4>9.  Cara Meningkatkan Pengunjung Blog melalui Gambar</h4>\r\n</br>\r\nTerakhir, cara yang dapat Anda lakukan untuk meningkatkan pengunjung blog adalah dengan memasukkan gambar dalam setiap konten. Seperti yang kita ketahui, pengguna internet tidak selalu mencari artikel di Google atau mesin pencari lainnya. Banyak juga pengguna internet yang mencari gambar pada mesin pencari.\r\nOleh karena itu, penting bagi Anda untuk memasukkan gambar agar konten Anda tidak hanya muncul di bagian berita atau blog saja, tetapi juga di bagian pencarian gambar. Selain itu, jika ingin mempromosikan konten melalui media sosial maka penting untuk menggunakan gambar yang pengunjungnya lebih menyukai gambar daripada hanya tulisan.', 'web, malang, programer malang', 7504, '2023-08-21 13:01:57', 'cara_meningkatkan_pengunjung_pada_blog_7'),
(8, 1, 'Cara Meningkatkan Pengunjung Pada Blog 8', 'artikel8.jpg', '<p>&nbsp; &nbsp; &nbsp;Sudah sering posting konten di blog, tapi pengunjung masih sepi juga? Sebetulnya, membuat konten setiap hari adalah cara yang tepat. Akan tetapi, tahukah Anda bahwa ada banyak blogger yang tetap ramai pengunjung meski hanya posting 1 minggu sekali? Yup, hal ini bisa saja terjadi pada blog Anda jika menerapkan cara meningkatkan pengunjung blog yang tepat. <br>Sebagai seorang blogger, memiliki pengunjung blog yang ramai adalah impian Anda, bukan? Membuat konten setiap hari memang salah satu cara untuk meningkatkan kunjungan blog. Akan tetapi, Anda juga harus melakukan cara lain untuk meningkatkan pengunjung blog secara organik. Nah, bagaimana cara meningkatkan pengunjung blog Anda? </p>\r\n<h2>Hal yang Membuat Pengunjung Blog Betah</h2>\r\n<p><br>Nah, sebelum mempelajari dan menerapkan cara untuk meningkatkan pengunjung blog dalam artikel ini, ada hal yang harus Anda pahami lebih sebagai pembaca. Hal tersebut adalah memahami apa yang membuat pembaca betah di blog Anda. Jika Anda tidak memahami hal ini, maka akan sulit untuk menerapkan cara untuk meningkatkan pengunjung pada blog Anda. <br>Dalam salah satu platform tanya jawab, beberapa pembaca mengatakan bahwa ada beberapa faktor yang membuat mereka betah membaca sebuah blog. Bahkan, ada pembaca yang tetap akan betah &ldquo;nangkring&rdquo; di blog tersebut meski memiliki tulisan yang panjang hingga beribu-ribu kata. Apa saja sih hal-hal yang membuat pengunjung blog betah? <br>Niche blog yang relevan, seorang pembaca pasti akan betah berlama-lama di blog Anda salah satunya adalah karena konten Anda memenuhi kebutuhan dan minat pembaca. Sebagian besar pengguna internet akan berselancar di mesin pencari untuk mendapatkan informasi tertentu baik itu yang sifatnya edukatif maupun berita. Kalimat yang mudah dimengerti, tidak semua pembaca blog memiliki bidang yang sama dengan Anda. Sebagian pembaca mungkin bekerja atau memahami bidang blog Anda dengan sangat baik. Tetapi, sebagian pembaca lagi mungkin orang awam yang membutuhkan informasi yang tidak akan mengerti bahasa teknis yang Anda gunakan. Enak untuk dibaca, menulis blog yang panjang adalah hal yang bagus. Dan akan lebih bagus jika Anda mengatur setiap paragraf dengan sangat baik agar mata pembaca nyaman untuk melihat tulisan yang panjang itu. Artikel dengan paragraf yang panjang hingga berbaris-baris akan membuat mata pembaca cepat lelah dan malas untuk membaca. </p>\r\n<h2>Cara Meningkatkan Pengunjung Blog</h2>\r\n<p><br>Jika telah memahami apa yang membuat pembaca betah berlama-lama di blog, maka Anda telah siap untuk mempelajari dan menerapkan cara untuk meningkatkan pengunjung. Sebetulnya, ada banyak sekali cara agar Anda dapat meningkatkan traffic blog. Mulai dari mengoptimasi dari segi konten hingga optimasi website. Akan tetapi, Anda dapat memulai cara meningkatkan traffic blog dari segi konten terlebih dahulu. Dapat dikatakan, jika ingin memperbanyak jumlah pengunjung dan betah untuk berlama-lama di blog Anda maka Anda harus membuat konten yang baik dan tepat lebih dulu. Nah, berikut ini 9 cara untuk meningkatkan pengunjung pada blog Anda. </p>\r\n<h4>1. Artikel Relevan dengan Niche Blog</h4>\r\n<p><br>Cara pertama yang harus Anda lakukan untuk meningkatkan jumlah pengunjung blog adalah membuat artikel relevan dengan niche. Maksudnya seperti apa? Maksudnya adalah Anda harus membuat artikel sesuai dengan niche blog Anda. Seperti yang telah dijelaskan sebelumnya, pembaca akan betah jika niche blog dan konten relate dengan kebutuhan serta minat mereka. <br>Tidak masalah jika Anda membuat artikel dengan berbagai tema seperti kesehatan, bisnis, dan olahraga jika niche blog Anda memang seperti itu. Tetapi, pastikan untuk selalu konsisten membuat konten sesuai dengan niche blog Anda. Pembaca akan lebih mempercayai blog Anda yang konsisten membahas tema tertentu sesuai dengan niche blog Anda sebagai sumber informasi. </p>\r\n<h4>2. Memperbanyak Pengunjung Blog dengan Konten Evergreen</h4>\r\n<p><br>Selain membuat artikel yang relevan dengan niche blog, cara selanjutnya Anda juga dapat membuat konten atau artikel evergreen untuk meningkatkan pengunjung blog. Apa itu konten evergreen? Singkatnya, konten evergreen adalah konten atau artikel yang sifatnya timeless atau tidak terbatas oleh waktu. <br>Berbeda dengan konten tren yang membahas mengenai berita atau topik terhangat, konten evergreen akan membahas mengenai hal-hal yang akan selalu dicari oleh pembaca. Umumnya, topik konten evergreen memuat artikel mengenai tips, definisi, tutorial, dan lain-lain. Pembaca akan tetap membaca artikel Anda meskipun tahun telah berganti karena mereka membutuhkannya. </p>\r\n<h4>3. Membuat Artikel yang sedang Tren dengan Newsjacking</h4>\r\n<p><br>Membuat artikel yang sedang tren memang cara yang dapat meningkatkan traffic blog. Akan tetapi, bayangkan jika semua blog membahas topik yang sedang hangat ini. Sudah pasti blog Anda akan tenggelam di tengah-tengah berbagai blog yang muncul. Untuk mengatasi hal tersebut, ada cara lain untuk meningkatkan pengunjung blog melalui artikel yang sedang tren. <br>See also Tingkatkan Kopi Pagi Anda Dengan Saran Ini! Anda dapat menerapkan cara newsjacking pada artikel untuk meningkatkan pengunjung blog. Apa itu newsjacking? Newsjacking adalah membahas topik yang sedang tren dari sisi yang berbeda. Mudahnya, Anda menggabungkan konten tren dan evergreen dalam satu artikel. Selain membahas topik yang sedang tren, Anda juga dapat menambahkan tutorial atau tips yang relevan dengan topik tersebut. </p>\r\n<h4>4. Isi Artikel Blog yang Lengkap</h4>\r\n<p><br>Selanjutnya, cara untuk meningkatkan pengunjung pada blog yang dapat Anda lakukan adalah membuat artikel dengan isi yang lengkap. Pembaca akan lebih senang membaca artikel dengan informasi atau penjelasan yang lengkap. Bukan hanya itu, hal yang paling penting dari membuat artikel dengan isi yang lengkap adalah disukai oleh Google. <br>Artikel yang lengkap dan kaya akan informasi serta penjelasan dapat dianggap oleh Google sebagai artikel yang bagus. Sehingga, artikel Anda nantinya bisa naik ke halaman pertama hasil pencarian. Untuk mewujudkan hal ini, cara yang dapat Anda lakukan adalah dengan melakukan riset serta membuat kerangka artikel lebih dahulu mulai dari pembuka, isi, dan kesimpulan. </p>\r\n<h4>5. Cara Meningkatkan Pengunjung Blog dengan Judul Menarik</h4>\r\n<p><br>Nah, setelah membuat artikel dengan topik yang tepat, cara untuk meningkatkan traffic blog selanjutnya adalah membuat judul yang menarik. Judul merupakan komponen penting dalam sebuah konten karena hal pertama yang terlihat oleh pembaca di Google adalah judul artikel. Oleh sebab itu, tanpa judul yang menarik kecil kemungkinan pembaca akan datang. <br>Buatlah judul yang menjawab secara singkat kebutuhan dan keinginan dari pembaca. Misalnya, Anda membahas mengenai makanan yang baik untuk kesehatan kulit. Maka, Anda dapat membuat judul seperti &ldquo;Jerawat Hilang dalam Semalam Berkat Makanan Ini!&rdquo;. Tetapi, ada hal yang harus Anda perhatikan yaitu jangan membuat judul yang tidak relevan dengan isi konten. </p>\r\n<h4>6. Cara Meningkatkan Pengunjung Blog dengan Promosi</h4>\r\n<p>Kesalahan utama para blogger yang sepi pengunjung adalah tidak melakukan promosi. Padahal, salah satu cara meningkatkan pengunjung blog yang ampuh adalah dengan melakukan promosi. Tanpa promosi, orang tidak akan tahu jika Anda membuat sebuah konten di blog Anda. Istilahnya, pembeli tidak akan tahu Anda berjualan apa jika Anda tidak memberi tahu. <br>Anda dapat mempromosikan blog di berbagai media, contohnya adalah media sosial. Hampir seluruh orang di dunia ini menggunakan media sosial seperti Facebook dan Instagram. Tentu saja Anda akan mendapatkan lebih banyak pembaca jika mempromosikannya melalui media sosial. Nah, untuk itu Anda harus memahami cara tepat promosi lewat media sosial. </p>\r\n<h4>7. Update Konten Lama</h4>\r\n<p><br>Anda tidak harus selalu membuat konten setiap hari untuk meningkatkan traffic blog. Salah satu cara yang dapat Anda lakukan untuk meningkatkan pengunjung blog adalah dengan meng-update konten lama pada blog Anda. Cara ini juga dapat dilakukan jika Anda sedang kehabisan ide untuk konten blog Anda. <br>Cukup lakukan update atau pembaruan terhadap konten lama Anda dengan menambahkan beberapa informasi untuk melengkapi konten tersebut. Selain itu, Anda juga dapat memperbarui judul konten agar lebih menarik dan terbaca oleh Google. Untuk itu, Anda harus melakukan riset lebih dulu dari berbagai sumber atau blog lain. </p>\r\n<h4>8. Menerapkan SEO pada setiap Konten</h4>\r\n<p><br>Cara kedelapan untuk meningkatkan jumlah pengunjung pada blog adalah menerapkan teknik SEO pada setiap konten yang ada di blog Anda. SEO atau Search Engine Optimization adalah cara paling ampuh untuk memperbanyak jumlah pengunjung dari internet. Secara teknis, SEO adalah upaya untuk menaikkan peringkat website guna meningkatkan traffic website. <br>Untuk menerapkan cara ini, Anda harus melakukan riset kata kunci relevan yang sering dicari oleh pembaca untuk digunakan dalam judul dan isi artikel. Dengan menerapkan teknik SEO pada setiap konten Anda, Google atau mesin pencari lainnya akan melihat bahwa konten Anda relevan dengan yang pembaca cari. </p>\r\n<h4>9. Cara Meningkatkan Pengunjung Blog melalui Gambar</h4>\r\n<p><br>Terakhir, cara yang dapat Anda lakukan untuk meningkatkan pengunjung blog adalah dengan memasukkan gambar dalam setiap konten. Seperti yang kita ketahui, pengguna internet tidak selalu mencari artikel di Google atau mesin pencari lainnya. Banyak juga pengguna internet yang mencari gambar pada mesin pencari. Oleh karena itu, penting bagi Anda untuk memasukkan gambar agar konten Anda tidak hanya muncul di bagian berita atau blog saja, tetapi juga di bagian pencarian gambar. Selain itu, jika ingin mempromosikan konten melalui media sosial maka penting untuk menggunakan gambar yang pengunjungnya lebih menyukai gambar daripada hanya tulisan.</p>', 'web, malang, programer malang', 7553, '2023-08-21 13:01:57', 'cara-meningkatkan-pengunjung-pada-blog-8'),
(14, 1, 'Cara Muncul di Posisi Teratas di Google', 'homepage-concept-with-search-bar.jpg', '<p><strong>Cara Muncul di Posisi Teratas di Google</strong></p>\r\n<p>Google adalah mesin pencari paling populer di dunia, dan muncul di posisi teratas di hasil pencarian Google (SERP) adalah tujuan utama bagi banyak pemilik situs web dan bisnis online. Namun, peringkat teratas di Google tidaklah mudah dicapai. Diperlukan strategi SEO yang efektif dan upaya berkelanjutan untuk mencapainya. Dalam artikel ini, kita akan membahas langkah-langkah kunci yang dapat membantu Anda muncul di posisi teratas di Google:</p>\r\n<p>1. Optimasi Kata Kunci:</p>\r\n<p>Identifikasi kata kunci yang relevan dengan bisnis Anda dan targetkan kata kunci tersebut dalam konten Anda. Gunakan alat-alat seperti Google Keyword Planner untuk membantu Anda menemukan kata kunci yang populer.</p>\r\n<p>2. Kualitas Konten yang Tinggi:</p>\r\n<p>Konten adalah raja. Pastikan konten Anda informatif, berkualitas tinggi, dan memberikan nilai tambah kepada pengunjung Anda. Tulis untuk pengguna, bukan hanya untuk mesin pencari.</p>\r\n<p>3. Optimasi On-Page:</p>\r\n<p>Pastikan halaman web Anda dioptimalkan dengan baik. Ini mencakup penggunaan judul yang sesuai, meta deskripsi yang informatif, URL yang ramah SEO, dan penggunaan heading (H1, H2, H3, dll.) yang tepat.</p>\r\n<p>4. Optimasi Kecepatan Website:</p>\r\n<p>Kecepatan pemuatan halaman adalah faktor penting dalam peringkat Google. Gunakan teknik caching, kompresi gambar, dan meminimalkan permintaan server untuk mempercepat situs Anda.</p>\r\n<p>5. Mobile-Friendly:</p>\r\n<p>Pastikan situs web Anda responsif dan mudah diakses dari perangkat mobile. Google memberi nilai tinggi pada situs yang ramah mobile.</p>\r\n<p>6. Backlink Berkualitas:</p>\r\n<p>Membangun tautan berkualitas dari situs-situs yang terkemuka dapat meningkatkan otoritas domain Anda. Hindari tautan berlebihan dan tautan spam.</p>\r\n<p>7. Pengalaman Pengguna yang Baik:</p>\r\n<p>Pastikan situs Anda memberikan pengalaman pengguna yang positif, termasuk navigasi yang mudah, desain yang menarik, dan waktu pemuatan yang cepat.</p>\r\n<p>8. Menganalisis dan Memantau:</p>\r\n<p>Gunakan alat analitik seperti Google Analytics untuk memantau kinerja situs Anda. Identifikasi apa yang berfungsi dan apa yang perlu ditingkatkan.</p>\r\n<p>9. Berfokus pada Lokal (Jika Berlaku):</p>\r\n<p>Jika bisnis Anda lokal, optimalkan untuk pencarian lokal. Daftar bisnis Anda di Google My Business dan pastikan informasi kontak&nbsp;Anda&nbsp;akurat.</p>\r\n<p>Oke!!! Bosss</p>\r\n<p><br>&nbsp;</p>', 'company profile, web company, seo, google', 10, '2023-09-29 13:58:02', 'cara-muncul-di-posisi-teratas-di-google');

-- --------------------------------------------------------

--
-- Table structure for table `tb_dpc`
--

CREATE TABLE `tb_dpc` (
  `id_dpc` int NOT NULL,
  `id_dpd` int NOT NULL,
  `nama_dpc` varchar(255) NOT NULL,
  `wilayah_kerja_dpc` varchar(255) NOT NULL
) ENGINE=InnoDB DEFAULT CHARSET=latin1;

--
-- Dumping data for table `tb_dpc`
--

INSERT INTO `tb_dpc` (`id_dpc`, `id_dpd`, `nama_dpc`, `wilayah_kerja_dpc`) VALUES
(1, 1, 'Surabaya', 'Surabaya'),
(3, 1, 'Sidoarjo', 'Sidoarjo'),
(5, 1, 'Banyuwangi', 'Banyuwangi'),
(6, 3, 'Bandung', 'Bandung'),
(7, 3, 'Cimahi', 'Cimahi');

-- --------------------------------------------------------

--
-- Table structure for table `tb_dpd`
--

CREATE TABLE `tb_dpd` (
  `id_dpd` int NOT NULL,
  `nama_dpd` varchar(255) NOT NULL
) ENGINE=InnoDB DEFAULT CHARSET=latin1;

--
-- Dumping data for table `tb_dpd`
--

INSERT INTO `tb_dpd` (`id_dpd`, `nama_dpd`) VALUES
(1, 'Jawa Timur'),
(3, 'Jawa Barat'),
(4, 'Banten');

-- --------------------------------------------------------

--
-- Table structure for table `tb_kategori`
--

CREATE TABLE `tb_kategori` (
  `id_kategori` int NOT NULL,
  `nama_kategori` varchar(20) COLLATE utf8mb4_general_ci NOT NULL
) ENGINE=InnoDB DEFAULT CHARSET=utf8mb4 COLLATE=utf8mb4_general_ci;

--
-- Dumping data for table `tb_kategori`
--

INSERT INTO `tb_kategori` (`id_kategori`, `nama_kategori`) VALUES
(1, 'Web');

-- --------------------------------------------------------

--
-- Table structure for table `tb_kategori_video`
--

CREATE TABLE `tb_kategori_video` (
  `id_katvideo` int NOT NULL,
  `nama_kategori_video` varchar(50) COLLATE utf8mb4_general_ci NOT NULL
) ENGINE=InnoDB DEFAULT CHARSET=utf8mb4 COLLATE=utf8mb4_general_ci;

--
-- Dumping data for table `tb_kategori_video`
--

INSERT INTO `tb_kategori_video` (`id_katvideo`, `nama_kategori_video`) VALUES
(1, 'Tutorial Pemrograman'),
(2, 'Optimasi SEO dan Pemasaran Konten'),
(3, 'Pengembangan Aplikasi Mobile dan Web'),
(4, 'Manajemen Media Sosial dan Iklan Berbayar'),
(5, 'Cybersecurity dan Keamanan Data');

-- --------------------------------------------------------

--
-- Table structure for table `tb_member`
--

CREATE TABLE `tb_member` (
  `id_member` int NOT NULL,
  `role` varchar(255) NOT NULL DEFAULT 'user',
  `username` varchar(255) NOT NULL,
  `password` varchar(255) NOT NULL,
  `nama_member` varchar(50) NOT NULL,
  `id_dpc` int DEFAULT NULL,
  `status_kepengurusan` varchar(100) DEFAULT NULL,
  `alamat_member` text,
  `no_hp_member` varchar(50) DEFAULT NULL,
  `email_member` varchar(50) DEFAULT NULL,
  `ig_member` varchar(50) DEFAULT NULL,
  `fb_member` varchar(50) DEFAULT NULL,
  `pendidikan_member` text,
  `pekerjaan_member` text,
  `sertifikasi_member` text,
  `jenis_kelamin` varchar(30) DEFAULT NULL,
  `foto_member` varchar(255) DEFAULT NULL,
  `cv_member` varchar(255) DEFAULT NULL,
  `slug` varchar(255) DEFAULT NULL
) ENGINE=InnoDB DEFAULT CHARSET=latin1;

--
-- Dumping data for table `tb_member`
--

INSERT INTO `tb_member` (`id_member`, `role`, `username`, `password`, `nama_member`, `id_dpc`, `status_kepengurusan`, `alamat_member`, `no_hp_member`, `email_member`, `ig_member`, `fb_member`, `pendidikan_member`, `pekerjaan_member`, `sertifikasi_member`, `jenis_kelamin`, `foto_member`, `cv_member`, `slug`) VALUES
(1, 'admin', 'admin', 'admin', 'Admin', NULL, NULL, NULL, NULL, NULL, NULL, NULL, NULL, NULL, NULL, NULL, NULL, NULL, NULL),
(9, 'admin', 'adminpribadi', 'adminpribadi', 'Admin Pribadi', NULL, NULL, NULL, NULL, NULL, NULL, NULL, NULL, NULL, NULL, NULL, NULL, NULL, NULL),
(10, 'admin', 'adminelecomp', 'adminelecomp', 'Admin Elecomp', NULL, NULL, NULL, NULL, NULL, NULL, NULL, NULL, NULL, NULL, NULL, NULL, NULL, NULL),
(13, 'user', '362055401078', '362055401078', 'Aditya', 5, 'Sekretaris', 'bwi', '08888', 'adit@gmail.com', 'a', 'a', '<p>ad</p>', '<p>a</p>', '<p>a</p>', 'Laki-laki', '20827040_6347498.jpg', '20827040_6347498.jpg', 'a'),
(20, 'user', 'tony', 'tony', 'Tony Aspriyanto', 5, 'Anggota', '<p>Pulau Merah Pesanggaran Banyuwangi</p>', '087709789796', 'tidak punya email', 'tono.aja', 'Tono MZ', '<ol>\r\n<li>MI Alhidayah</li>\r\n<li>SMPN Pesanggaran</li>\r\n<li>SMK Muktar Syafaat Blokagung</li>\r\n<li>Politeknik Negeri Banyuwangi</li>\r\n</ol>', '<ol>\r\n<li>Arsitektur Kapal Besar</li>\r\n</ol>', '<ol>\r\n<li>LSP</li>\r\n<li>Perkapalan</li>\r\n</ol>', 'Laki-laki', 'foto_member_Tony-Aspriyanto_24012024064619.png', 'cv_member_Tony-Aspriyanto_24012024072022.pdf', 'tony-aspriyanto'),
(21, 'user', 'coba', 'coba', 'Rizal', 3, 'Humas', 'coba', '12', 'coba', 'coba', 'coba', '<p>coba</p>', '<p>coba</p>', '<p>coba</p>', 'Laki-laki', '7799728_3730702.jpg', '7799728_3730703.jpg', 'coba'),
(22, 'user', 'tes', 'tes', 'Faizul', 1, 'Anggota', 'tes', '12', 'tes', 'tes', 'tes', '<p>tes</p>', '<p>tes</p>', '<p>tes</p>', 'Laki-laki', 'Elecomp_2.jpeg', 'PENGEMBANGAN TAMPILAN ANTARMUKA APLIKASI SURVEI.pdf', 'tes'),
(23, 'user', 'ersa', 'ersa', 'ersa', 6, 'Bendahara', '<p>bandung</p>', '088123456789', 'ersa@gmail.com', 'ersa gemoy', 'ersa selaloe cakhepp', '<p>D1</p>', '<p>Pengusaha &amp; Trainer</p>', '<p>sertifikat rumah</p>', 'Laki-laki', 'cv_member.png', 'FILE III.pdf', 'ersa'),
(24, 'user', 'Elecomp', 'elecomp', 'Rulli Mahatir', 8, 'Ketua', '<p>serang</p>', '0812222222222', 'elecomp@gmail.com', 'elecomp', 'elecomp', '<p>Elecomp</p>', '<p>Elecomp</p>', '<p>Elecomp</p>', 'Laki-laki', 'WhatsApp Image 2024-01-24 at 15.05.31.jpeg', 'cv_member_Elecomp-Indonesia_24012024080853.jpeg', 'elecomp-indonesia'),
(25, 'user', 'cobagambar2', 'cobagambar2', 'N. Muhaimin', 5, 'Wakil Ketua', 'cobagambar2', '0918181818181', 'cobagambar2@gmail.com', 'cobagambar2', 'cobagambar2', '<p>cobagambar2</p>', '<p>cobagambar2</p>', '<p>cobagambar2</p>', 'Laki-laki', 'cv_member_1.png', 'cv_member_2.png', 'cobagambar2'),
(26, 'user', 'cobagambarfile', 'cobagambarfile', 'Ganjur Wibowo', 7, 'Kordinator', 'cobagambarfile', '01217261762', 'cobagambarfile@gmail.com', 'cobagambarfile', 'cobagambarfile', '<p>cobagambarfile</p>', '<p>cobagambarfile</p>', '<p>cobagambarfile</p>', 'Laki-laki', 'cv_member_3.png', 'FILE III_1.pdf', 'cobagambarfile');

-- --------------------------------------------------------

--
-- Table structure for table `tb_pengumuman`
--

CREATE TABLE `tb_pengumuman` (
  `id_pengumuman` int NOT NULL,
  `judul_pengumuman` varchar(255) NOT NULL,
  `poster_pengumuman` varchar(255) NOT NULL,
  `deskripsi_pengumuman` text NOT NULL,
  `mulai_pengumuman` date NOT NULL,
  `akhir_pengumuman` date NOT NULL
) ENGINE=InnoDB DEFAULT CHARSET=latin1;

--
-- Dumping data for table `tb_pengumuman`
--

INSERT INTO `tb_pengumuman` (`id_pengumuman`, `judul_pengumuman`, `poster_pengumuman`, `deskripsi_pengumuman`, `mulai_pengumuman`, `akhir_pengumuman`) VALUES
(1, 'Pengumuman Web', 'promo_website_2_bahasa.jpg', '<p>Belilah Website Ini</p>', '2024-01-29', '2024-02-05');

-- --------------------------------------------------------

--
-- Table structure for table `tb_produk`
--

CREATE TABLE `tb_produk` (
  `id_produk` int UNSIGNED NOT NULL,
  `nama_produk_in` varchar(200) NOT NULL,
  `nama_produk_en` varchar(200) NOT NULL,
  `foto_produk` varchar(255) NOT NULL,
  `deskripsi_produk_in` text,
  `deskripsi_produk_en` text
) ENGINE=InnoDB DEFAULT CHARSET=utf8mb3;

--
-- Dumping data for table `tb_produk`
--

INSERT INTO `tb_produk` (`id_produk`, `nama_produk_in`, `nama_produk_en`, `foto_produk`, `deskripsi_produk_in`, `deskripsi_produk_en`) VALUES
(2, 'Cengkih', 'Cloves', 'img_sq_5.jpg', '<p>Cengkih atau cengkeh adalah kuncup bunga kering beraroma dari keluarga pohon Myrtaceae. Cengkih adalah tanaman asli Indonesia, banyak digunakan sebagai bumbu masakan pedas di negara-negara Eropa, dan sebagai bahan utama rokok kretek khas Indonesia.</p>', '<p>Cloves or cloves are the fragrant dried flower buds of the Myrtaceae tree family. Cloves are native to Indonesia, widely used as a spice for spicy dishes in European countries, and as the main ingredient for Indonesian clove cigarettes.</p>'),
(3, 'Pala', 'Nutmeg', 'img_sq_8.jpg', 'Pala merupakan tumbuhan berupa pohon yang berasal dari kepulauan Banda, Maluku. Akibat nilainya yang tinggi sebagai rempah-rempah, buah dan biji pala telah menjadi komoditas perdagangan yang penting sejak masa Romawi.', 'Nutmeg is a plant in the form of a tree originating from the Banda Islands, Maluku. Due to its high value as a spice, nutmeg fruit and seeds have been important trade commodities since Roman times.'),
(4, 'Jintan putih', 'Cumin', 'img_sq_4.jpg', 'Jintan Putih merupakan tumbuhan berbunga dari famili Apiaceae yang berasal dari daerah Laut Tengah bagian timur sampai India bagian timur.', 'Cumin is a flowering plant from the Apiaceae family originating from the eastern Mediterranean region to eastern India.');

-- --------------------------------------------------------

--
-- Table structure for table `tb_profil`
--

CREATE TABLE `tb_profil` (
  `id_profil` int UNSIGNED NOT NULL,
  `username` varchar(50) NOT NULL,
  `password` varchar(50) NOT NULL,
  `nama_perusahaan` varchar(100) NOT NULL,
  `logo_perusahaan` varchar(100) NOT NULL,
  `deskripsi_perusahaan_in` text,
  `deskripsi_perusahaan_en` text,
  `deskripsi_kontak_in` text,
  `deskripsi_kontak_en` text,
  `link_maps` text,
  `link_whatsapp` text,
  `favicon_website` varchar(100) NOT NULL,
  `title_website` varchar(100) NOT NULL,
  `foto_utama` varchar(100) NOT NULL,
  `alamat` text,
  `no_hp` varchar(50) NOT NULL,
  `email` varchar(100) NOT NULL,
  `teks_footer` varchar(100) NOT NULL
) ENGINE=InnoDB DEFAULT CHARSET=utf8mb3;

--
-- Dumping data for table `tb_profil`
--

INSERT INTO `tb_profil` (`id_profil`, `username`, `password`, `nama_perusahaan`, `logo_perusahaan`, `deskripsi_perusahaan_in`, `deskripsi_perusahaan_en`, `deskripsi_kontak_in`, `deskripsi_kontak_en`, `link_maps`, `link_whatsapp`, `favicon_website`, `title_website`, `foto_utama`, `alamat`, `no_hp`, `email`, `teks_footer`) VALUES
(1, 'user', 'user', 'PRIBADI Indonesia', 'Logo_Web-PRIBADI-Indonesia_19012024033106.jpeg', '<p class=\"p1\">Perkumpulan Pengembang Kepribadian dan Karakter Indonesia (yang selanjutnya menggunakan singkatan PRIBADI) adalah Organisasi Profesi yang anggotanya terdiri dari para praktisi, pakar, pendidik dan pelatih dibidang Pendidikan dan Pelatihan Pengembangan Kepribadian dan Karakter yang diperuntukan bagi masyarakat luas di seluruh Indonesia. Sebagai warga negara yang bertanggungjawab dalam mengimplementasikan tugas-tugasnya yang sesuai dengan bidang masing-masing, para anggota PRIBADI dengan penuh kesadaran wajib melaksanakan pembinaan, pendidikan dan pelatihan pengembangan kepribadian dan karakter bagi warga negara Indonesia dengan benar, baik dan bertanggungjawab. Selanjutnya PRIBADI bersepakat untuk lebih mempertinggi pengabdian kepada Bangsa, Negara dan masyarakat. selaras dengan dasar negara yaitu &ldquo;PANCASILA&rdquo;. Para Pengembang Kepribadian dan Karakter Indonesia adalah bagian dari rakyat Indonesia yang bercita-cita mendukung percepatan pencapaian cita-cita bangsa dengan mengajak dan menguatkan Kepribadian dan karakter bangsa unggul untuk mampu selalu melahirkan kebaikan-kebaikan.</p>\r\n<p class=\"p1\">Kebaikan adalah perilaku yang membawa dampak positif bagi orang lain, mereka yang ada di sekeliling kita atau masyarakat luas. Kebaikan tak akan terlahir tanpa kepribadian dan karakter yang baik. Kepribadian merupakan hal fundamental yang perlu dibentuk dan ditata agar mampu melahirkan dan menjaga kebaikan-kebaikan dari Tutur Kata, Sikap dan Perilaku. Kebaikan perlu diperjuangkan, mendidik, melatih, membentuk kepribadian dan karakter baik adalah hal yang terus-menerus harus dilakukan hingga akhir hayat. Pendirian Perkumpulan Pengembang Pribadi dan Karakter Indonesia didorong oleh kehendak luhur dan didasari rasa ikut bertanggung jawab untuk mendidik, melatih mengembangkan dan menjaga kualitas kepribadian dan karakter bangsa agar selalu menebar kebaikan dalam setiap aktivitasnya, serta dengan menyadari sepenuhnya usaha tersebut akan lebih kuat dan berdaya guna jika dilakukan dengan semangat persatuan dalam wadah Organisasi Nasional.</p>\r\n<p style=\"text-align: center;\"><strong>VISI dan MISI</strong></p>\r\n<p><strong>VISI</strong> Perkumpulan PRIBADI adalah terciptanya manusia Indonesia unggul berkepribadian dan berkarakter yang mampu menjunjung tinggi harkat dan martabat bangsa Indonesia.</p>\r\n<p><strong>MISI<br></strong>1. Mempersatukan para ahli pengembang kepribadian dan karakter Indonesia<br>2. Menyelenggarakan kegiatan Pembinaan, Pendidikan dan Pelatihan bagi para anggota untuk meningkatkan kualitas pelayanan<br>3. Mendukung program pemerintah untuk menghasilkan dan meningkatkan kualitas kepribadian dan karakter SDM Unggul, profesional dan mandiri.<br>4. Mempromosikan dan menguatkan citra keberagaman Budaya Indonesia pada dunia Internasional.<br>5. Menjalin hubungan yang harmonis diantara keberagaman budaya dan karakter di Indonesia.</p>', '<p>The Association of Personality and Character Developers in Indonesia (hereinafter referred to by the acronym PRIBADI) is a Professional Organization whose members consist of practitioners, experts, educators, and trainers in the field of Personality and Character Development Education and Training intended for the general public throughout Indonesia. As responsible citizens implementing their tasks in accordance with their respective fields, PRIBADI members conscientiously commit to carrying out the coaching, education, and training for the development of personality and character for Indonesian citizens correctly, well, and responsibly. Furthermore, PRIBADI agrees to elevate its dedication to the Nation, State, and society, in line with the foundational principles of the state, namely \"PANCASILA.\" The Developers of Personality and Character in Indonesia are part of the Indonesian people aspiring to support the acceleration of the nation\'s goals by encouraging and strengthening the superior personality and character of the nation to consistently generate goodness.</p>\r\n<p>Goodness is behavior that brings positive impact to others, those around us, or the wider community. Goodness will not be born without good personality and character. Personality is a fundamental aspect that needs to be shaped and organized to be able to generate and maintain goodness in Speech, Attitude, and Behavior. Goodness needs to be advocated, educated, trained, and forming good personality and character is something that must be continuously done throughout life. The establishment of the Association of Personality and Character Developers in Indonesia is driven by noble intentions and a sense of responsibility to educate, train, develop, and maintain the quality of the nation\'s personality and character, ensuring the constant spread of goodness in every activity. This effort is fully realized to be stronger and more effective when done with a spirit of unity within the framework of a National Organization.</p>\r\n<p style=\"text-align: center;\"><strong>VISION and MISSION</strong></p>\r\n<p><strong>VISION</strong> The vision of the PRIBADI Association is the creation of outstanding Indonesian individuals with personality and character, capable of upholding the dignity and nobility of the Indonesian nation.</p>\r\n<p><strong>MISSION</strong></p>\r\n<ol>\r\n<li>Uniting experts in the development of personality and character in Indonesia.</li>\r\n<li>Organizing activities of coaching, education, and training for members to enhance the quality of service.</li>\r\n<li>Supporting government programs to produce and enhance the quality of the personality and character of excellent, professional, and independent human resources.</li>\r\n<li>Promoting and strengthening the image of Indonesia\'s cultural diversity internationally.</li>\r\n<li>Fostering harmonious relationships among the cultural diversity and character in Indonesia.</li>\r\n</ol>', '<p>Alamat Kantor DPP PRIBADI Indonesia : Jalan jalan ke kota Surabaya</p>', '<p>Office Address of PRIBADI Indonesia : Walking to Surabaya Street&nbsp;</p>', '<iframe src=\"https://www.google.com/maps/embed?pb=!1m14!1m8!1m3!1d4046040.312635006!2d108.0530452!3d-7.9771059!3m2!1i1024!2i768!4f13.1!3m3!1m2!1s0x2dd629c21940f685%3A0xce6adb8a6aba4f5!2sNakam%20Foods%20Indonesia!5e0!3m2!1sid!2sid!4v1691128148640!5m2!1sid!2sid\" width=\"600\" height=\"450\" style=\"border:0;\" allowfullscreen=\"\" loading=\"lazy\" referrerpolicy=\"no-referrer-when-downgrade\"></iframe>', 'https://wa.me/+6282131222332', 'Favicon_PRIBADI-Indonesia_20012024041928.jpeg', 'Perkumpulan Pengembang Kepribadian dan Karakter Indonesia (PRIBADI INDONESIA)', '1705904796_67a5e80eef46372f6bd6.png', '<p>West Sumatera Province</p>', '+62 821 3122 2332', 'pribadi.indonesia@gmail.com', 'All Rights Reserved. Designed with love by Me');

-- --------------------------------------------------------

--
-- Table structure for table `tb_slider`
--

CREATE TABLE `tb_slider` (
  `id_slider` int UNSIGNED NOT NULL,
  `file_foto_slider` varchar(100) NOT NULL
) ENGINE=InnoDB DEFAULT CHARSET=utf8mb3;

--
-- Dumping data for table `tb_slider`
--

INSERT INTO `tb_slider` (`id_slider`, `file_foto_slider`) VALUES
(10, 'PRIBADI-Indonesia_20012024110305.jpg'),
(11, 'PRIBADI-Indonesia_20012024110359.jpg');

-- --------------------------------------------------------

--
-- Table structure for table `tb_video`
--

CREATE TABLE `tb_video` (
  `id_video` int NOT NULL,
  `judul_video` varchar(50) COLLATE utf8mb4_general_ci NOT NULL,
  `video_url` varchar(255) COLLATE utf8mb4_general_ci NOT NULL,
  `thumbnail` varchar(255) COLLATE utf8mb4_general_ci NOT NULL,
  `deskripsi_video` text COLLATE utf8mb4_general_ci NOT NULL,
  `id_katvideo` int NOT NULL
) ENGINE=InnoDB DEFAULT CHARSET=utf8mb4 COLLATE=utf8mb4_general_ci;

--
-- Dumping data for table `tb_video`
--

INSERT INTO `tb_video` (`id_video`, `judul_video`, `video_url`, `thumbnail`, `deskripsi_video`, `id_katvideo`) VALUES
(1, 'Belajar HTML dan CSS untuk Pemula', 'https://drive.google.com/file/d/1t9j65vDskKEkI4PZ0pEbPOq_rmoGJEa9/preview', 'Thumb1.png', 'Panduan dasar untuk memulai belajar HTML dan CSS dari nol. Cocok untuk pemula.', 1),
(2, 'Membuat Aplikasi Todo List dengan Laravel', 'https://drive.google.com/file/d/1t9j65vDskKEkI4PZ0pEbPOq_rmoGJEa9/preview', 'thumb5.jpeg', 'Tutorial lengkap membuat aplikasi Todo List dengan Laravel, mulai dari setup hingga deployment.', 1),
(3, 'Cara Meningkatkan SEO On-Page untuk Website Anda', 'https://drive.google.com/file/d/1t9j65vDskKEkI4PZ0pEbPOq_rmoGJEa9/preview', 'thumb6.jpg', 'Video ini memberikan tips tentang cara mengoptimalkan SEO on-page untuk meningkatkan peringkat website di Google.', 1),
(4, 'Optimasi SEO dan Pemasaran Konten', 'https://drive.google.com/file/d/1t9j65vDskKEkI4PZ0pEbPOq_rmoGJEa9/preview', 'thumb4.jpeg', 'Pelajari bagaimana mengembangkan strategi konten marketing yang dapat meningkatkan engagement dan penjualan.', 2),
(5, 'Belajar Flutter: Membangun Aplikasi Mobile Pertama', 'https://drive.google.com/file/d/1t9j65vDskKEkI4PZ0pEbPOq_rmoGJEa9/preview', 'thumb7.jpg', 'Video ini memperkenalkan dasar-dasar Flutter dan menunjukkan cara membuat aplikasi mobile pertama Anda.', 2),
(6, 'Membangun Aplikasi E-Commerce dengan React Native', 'https://drive.google.com/file/d/1t9j65vDskKEkI4PZ0pEbPOq_rmoGJEa9/preview', 'thumb8.jpg', 'Video ini membahas cara membangun aplikasi e-commerce dari awal menggunakan React Native.', 2),
(7, 'Python untuk Pemula: Dasar-Dasar dan Struktur Data', 'https://drive.google.com/file/d/1t9j65vDskKEkI4PZ0pEbPOq_rmoGJEa9/preview', '1.png', 'Video ini membahas dasar-dasar Python, termasuk variabel, tipe data, dan struktur data seperti list dan dictionary.', 2),
(8, 'Belajar JavaScript dari Nol: Pemahaman Dasar', 'https://drive.google.com/file/d/1t9j65vDskKEkI4PZ0pEbPOq_rmoGJEa9/preview', '2.png', 'Video ini mengajarkan dasar-dasar JavaScript, termasuk variabel, fungsi, dan manipulasi DOM.', 1),
(9, 'React JS: Membangun Aplikasi CRUD Sederhana', 'https://drive.google.com/file/d/1t9j65vDskKEkI4PZ0pEbPOq_rmoGJEa9/preview', '5.png', 'Panduan membuat aplikasi CRUD sederhana menggunakan React JS. Cocok untuk pemula.', 1),
(10, 'Panduan Membuat REST API dengan Node.js dan Expres', 'https://drive.google.com/file/d/1t9j65vDskKEkI4PZ0pEbPOq_rmoGJEa9/preview', '4.png', 'Tutorial ini menjelaskan cara membuat REST API dari awal menggunakan Node.js dan Express.', 1),
(11, 'Cara Mengoptimalkan Blog untuk SEO dan Monetisasi', 'https://drive.google.com/file/d/1t9j65vDskKEkI4PZ0pEbPOq_rmoGJEa9/preview', '1_1.png', 'Panduan untuk meningkatkan SEO blog dan strategi monetisasi yang efektif.', 1);

--
-- Indexes for dumped tables
--

--
-- Indexes for table `migrations`
--
ALTER TABLE `migrations`
  ADD PRIMARY KEY (`id`);

--
-- Indexes for table `tb_aktivitas`
--
ALTER TABLE `tb_aktivitas`
  ADD PRIMARY KEY (`id_aktivitas`);

--
-- Indexes for table `tb_artikel`
--
ALTER TABLE `tb_artikel`
  ADD PRIMARY KEY (`id_artikel`),
  ADD UNIQUE KEY `slug` (`slug`);

--
-- Indexes for table `tb_dpc`
--
ALTER TABLE `tb_dpc`
  ADD PRIMARY KEY (`id_dpc`);

--
-- Indexes for table `tb_dpd`
--
ALTER TABLE `tb_dpd`
  ADD PRIMARY KEY (`id_dpd`);

--
-- Indexes for table `tb_kategori`
--
ALTER TABLE `tb_kategori`
  ADD PRIMARY KEY (`id_kategori`);

--
-- Indexes for table `tb_kategori_video`
--
ALTER TABLE `tb_kategori_video`
  ADD PRIMARY KEY (`id_katvideo`);

--
-- Indexes for table `tb_member`
--
ALTER TABLE `tb_member`
  ADD PRIMARY KEY (`id_member`),
  ADD UNIQUE KEY `username` (`username`);

--
-- Indexes for table `tb_pengumuman`
--
ALTER TABLE `tb_pengumuman`
  ADD PRIMARY KEY (`id_pengumuman`);

--
-- Indexes for table `tb_produk`
--
ALTER TABLE `tb_produk`
  ADD PRIMARY KEY (`id_produk`);

--
-- Indexes for table `tb_profil`
--
ALTER TABLE `tb_profil`
  ADD PRIMARY KEY (`id_profil`);

--
-- Indexes for table `tb_slider`
--
ALTER TABLE `tb_slider`
  ADD PRIMARY KEY (`id_slider`);

--
-- Indexes for table `tb_video`
--
ALTER TABLE `tb_video`
  ADD PRIMARY KEY (`id_video`);

--
-- AUTO_INCREMENT for dumped tables
--

--
-- AUTO_INCREMENT for table `migrations`
--
ALTER TABLE `migrations`
  MODIFY `id` bigint UNSIGNED NOT NULL AUTO_INCREMENT, AUTO_INCREMENT=17;

--
-- AUTO_INCREMENT for table `tb_aktivitas`
--
ALTER TABLE `tb_aktivitas`
  MODIFY `id_aktivitas` int UNSIGNED NOT NULL AUTO_INCREMENT, AUTO_INCREMENT=8;

--
-- AUTO_INCREMENT for table `tb_artikel`
--
ALTER TABLE `tb_artikel`
  MODIFY `id_artikel` int UNSIGNED NOT NULL AUTO_INCREMENT, AUTO_INCREMENT=15;

--
-- AUTO_INCREMENT for table `tb_dpc`
--
ALTER TABLE `tb_dpc`
  MODIFY `id_dpc` int NOT NULL AUTO_INCREMENT, AUTO_INCREMENT=9;

--
-- AUTO_INCREMENT for table `tb_dpd`
--
ALTER TABLE `tb_dpd`
  MODIFY `id_dpd` int NOT NULL AUTO_INCREMENT, AUTO_INCREMENT=7;

--
-- AUTO_INCREMENT for table `tb_kategori`
--
ALTER TABLE `tb_kategori`
  MODIFY `id_kategori` int NOT NULL AUTO_INCREMENT, AUTO_INCREMENT=2;

--
-- AUTO_INCREMENT for table `tb_kategori_video`
--
ALTER TABLE `tb_kategori_video`
  MODIFY `id_katvideo` int NOT NULL AUTO_INCREMENT, AUTO_INCREMENT=6;

--
-- AUTO_INCREMENT for table `tb_member`
--
ALTER TABLE `tb_member`
  MODIFY `id_member` int NOT NULL AUTO_INCREMENT, AUTO_INCREMENT=27;

--
-- AUTO_INCREMENT for table `tb_pengumuman`
--
ALTER TABLE `tb_pengumuman`
  MODIFY `id_pengumuman` int NOT NULL AUTO_INCREMENT, AUTO_INCREMENT=2;

--
-- AUTO_INCREMENT for table `tb_produk`
--
ALTER TABLE `tb_produk`
  MODIFY `id_produk` int UNSIGNED NOT NULL AUTO_INCREMENT, AUTO_INCREMENT=6;

--
-- AUTO_INCREMENT for table `tb_profil`
--
ALTER TABLE `tb_profil`
  MODIFY `id_profil` int UNSIGNED NOT NULL AUTO_INCREMENT, AUTO_INCREMENT=2;

--
-- AUTO_INCREMENT for table `tb_slider`
--
ALTER TABLE `tb_slider`
  MODIFY `id_slider` int UNSIGNED NOT NULL AUTO_INCREMENT, AUTO_INCREMENT=12;

--
-- AUTO_INCREMENT for table `tb_video`
--
ALTER TABLE `tb_video`
  MODIFY `id_video` int NOT NULL AUTO_INCREMENT, AUTO_INCREMENT=12;
COMMIT;

/*!40101 SET CHARACTER_SET_CLIENT=@OLD_CHARACTER_SET_CLIENT */;
/*!40101 SET CHARACTER_SET_RESULTS=@OLD_CHARACTER_SET_RESULTS */;
/*!40101 SET COLLATION_CONNECTION=@OLD_COLLATION_CONNECTION */;

